masterTradenameId,tradenameDescription,tradenameForm,effectiveDate,firstName,middleName,lastName,suffix,registrantOrganization,address1,address2,city,state,zipCode,country,mailingAddress1,mailingAddress2,mailingCity,mailingState,mailingZipCode,mailingCountry,dateAdded,entityStatus,entityFormDate,Entity ID,matchedKeywords
20258419876,Taco Bell Cantina at DEN,Entity Type,2026-03-30T00:00:00.000,,,,,"Mission TB, LLC",8780 W 101st Ave,,Westminster,CO,80021,US,,,,,,,2026-03-31T00:00:00.000,GOOD,2025-12-03T00:00:00.000,20258322320,"cantina, taco"
20261392195,Joyful Bakery and Coffee,Entity Type,2026-03-30T00:00:00.000,,,,,Joyful Bakery LLC,801-1B Front Loop Dr.,,Buena Vista,CO,81211,US,PO Box 6349,,Buena Vista,CO,81211,US,2026-03-30T00:00:00.000,GOOD,2022-03-09T00:00:00.000,20221255642,"bakery, coffee"
20261392514,Growing Your Food In Your Own Backyard,Individual,2026-03-30T00:00:00.000,Adriane,,Sanford,,,P.O. Box 440633,,Aurora,CO,80044,US,P.O. Box 440633,,Aurora,CO,80044,US,2026-03-30T00:00:00.000,,,,food
20261392636,Morning Burrito Co.,Individual,2026-03-30T00:00:00.000,JONATHAN GAEL,,AVILA GONZALEZ,,,426 Hunt St,,Salida,CO,81201,US,426 Hunt St,,Salida,CO,81201,US,2026-03-30T00:00:00.000,,,,burrito
20261392897,Bar at Blue Ruby,Entity Type,2026-03-30T00:00:00.000,,,,,Biker Bar Denver LLC,1855 Blake St Ste 100,,Denver,CO,80202,US,,,,,,,2026-03-30T00:00:00.000,GOOD,2020-12-29T00:00:00.000,20208127355,bar
20261394648,La Nostalgia Latina,Entity Type,2026-03-30T00:00:00.000,,,,,PANAMERICANA FOODS LLC,14704 E 33rd Pl Ste H,,Aurora,CO,80011,US,,,,,,,2026-03-30T00:00:00.000,GOOD,2022-02-07T00:00:00.000,20221140914,foods
20261395458,Antlers cafe/ Crosho Cuisine,Individual,2026-03-30T00:00:00.000,Christopher,Shawn,Braden,,,40 Moffat Ave,,Yampa,CO,80483,US,200 Lincoln Ave,775092,Steamboat springs,CO,80477,US,2026-03-30T00:00:00.000,,,,"cafe, cuisine"
20261395804,Sportsman's BBQ Station & Backyard,Entity Type,2026-03-30T00:00:00.000,,,,,Hutro Inc.,173 S Gunnison Ave,,Lake City,CO,81235,US,PO Box 1002,,Lake City,CO,81235,US,2026-03-30T00:00:00.000,GOOD,2008-03-27T00:00:00.000,20081164600,bbq
20261396272,Good Rain Coffee,Entity Type,2026-03-30T00:00:00.000,,,,,"Talia's Challahs, LLC",1330 Zuni St Ste F,,Denver,CO,80204,US,,,,,,,2026-03-30T00:00:00.000,GOOD,2024-02-29T00:00:00.000,20241255257,coffee
20261398429,Tribute Barbershop Lounge,Entity Type,2026-03-31T00:00:00.000,,,,,Tribute I LLC,8000 E Belleview Ave Ste D40,,Greenwood Village,CO,80111,US,,,,,,,2026-03-31T00:00:00.000,GOOD,2016-05-24T00:00:00.000,20161361420,lounge
20261399208,WAPOS LOVELAND LLC DBA WAPOS CANTINA,Entity Type,2026-03-31T00:00:00.000,,,,,Wapos Loveland LLC,371 W 65th St,Unit 369 & 371,Loveland,CO,80538,US,,,,,,,2026-03-31T00:00:00.000,GOOD,2026-01-30T00:00:00.000,20261132855,cantina
20261400335,"Cogstone Brewing Company, LLC",Entity Type,2026-03-31T00:00:00.000,,,,,Brew Ha Ha LLC,6510 Turkey Tracks Rd,,Colorado Springs,CO,80922,US,,,,,,,2026-03-31T00:00:00.000,GOOD,2026-02-02T00:00:00.000,20261146342,brewing
20261400362,Cogstone Brewing Co.,Entity Type,2026-03-31T00:00:00.000,,,,,Brew Ha Ha LLC,6510 Turkey Tracks Rd,,Colorado Springs,CO,80922,US,,,,,,,2026-03-31T00:00:00.000,GOOD,2026-02-02T00:00:00.000,20261146342,brewing
20261400692,The Andes Bistro,Entity Type,2026-03-31T00:00:00.000,,,,,Osorio-Gaughan Family LLC,500 south main street,"suite 2A, 2B & 2C",Breckenridge,CO,80424,US,500 lake Dillon drive,Unit 680,Dillon,CO,80435,US,2026-03-31T00:00:00.000,GOOD,2025-11-14T00:00:00.000,20258243834,bistro
20261400743,Tacos La Central del Norte,Entity Type,2026-03-31T00:00:00.000,,,,,Raven Enterprises Corporation,22181 E Belleview Pl,,Aurora,CO,80015,US,,,,,,,2026-03-31T00:00:00.000,GOOD,2026-01-13T00:00:00.000,20261044907,taco
20261400786,Blackjack Pizza CO045,Entity Type,2026-03-31T00:00:00.000,,,,,JMJA Investment Holdings LLC,17920 E Dorado Dr,,Centennial,CO,80015,US,,,,,,,2026-03-31T00:00:00.000,GOOD,2023-08-15T00:00:00.000,20231843917,pizza
20261196453,EL GORDO TAQUERIA 2,Entity Type,2026-04-01T00:00:00.000,,,,,El Gordo Taqueria LLC,1714 W 72nd Ave,,Denver,CO,80221,US,,,,,,,2026-04-02T00:00:00.000,GOOD,2014-05-28T00:00:00.000,20141332674,taqueria
20261405326,Drop the Juice,Individual,2026-04-01T00:00:00.000,Rosalinda,,Maestas,,,11549 Ash Cir,,Thornton,CO,80233-2658,US,,,,,,,2026-04-01T00:00:00.000,,,,juice
20261405422,Margot at Denchu/Den Bar,Entity Type,2026-04-01T00:00:00.000,,,,,"Den Deli & Seafood Market, LLC",1501 S Pearl St,,Denver,CO,80210,US,,,,,,,2026-04-01T00:00:00.000,GOOD,2009-07-16T00:00:00.000,20091379041,"bar, deli"
20261405588,Chas Cafe,Entity Type,2026-04-01T00:00:00.000,,,,,Chacho Studios LLC,1500 N Grant St,Ste N,Denver,CO,80203,US,,,,,,,2026-04-01T00:00:00.000,GOOD,2026-03-24T00:00:00.000,20261356818,cafe
20261408990,Catrinas Latin Food,Entity Type,2026-04-01T00:00:00.000,,,,,Latin Family Inc,210 S Elizabeth St Unit 101,,Elizabeth,CO,80107,US,,,,,,,2026-04-01T00:00:00.000,GOOD,2024-11-12T00:00:00.000,20248204573,food
20261413354,Dreamy Drinks Co.,Individual,2026-04-02T00:00:00.000,Dunalle,Deanna,Martinez,,,2522 cedar drive,,Loveland,CO,80538,US,,,,,,,2026-04-02T00:00:00.000,,,,drinks
20261413608,JS FOOD MART,Individual,2026-04-02T00:00:00.000,harmanpreet,,kaur,,,8275 e colfax avenue,,denver,CO,80220,US,8275 e colfax avenue,,denver,CO,80220,US,2026-04-02T00:00:00.000,,,,food
20261413999,Droppin Juice,Individual,2026-04-02T00:00:00.000,Rosalinda,,Maestas,,,11549 Ash Cir,,Thornton,CO,80233-2658,US,,,,,,,2026-04-02T00:00:00.000,,,,juice
20261414266,Himchuli Indian and Nepali cuisine,Individual,2026-04-02T00:00:00.000,Khagendra,Jung,Gurung,,,3490 larimer st,,Denver,CO,80205,US,,,,,,,2026-04-02T00:00:00.000,,,,cuisine
20261414730,Southlands Cafe,Entity Type,2026-04-02T00:00:00.000,,,,,T & T Alayo LLC,25531 E Smoky Hill Rd Unit C,,Aurora,CO,80016,US,,,,,,,2026-04-02T00:00:00.000,GOOD,2021-10-01T00:00:00.000,20211916659,cafe
20261418009,Cooper's Hawk Winery & Restaurant,Entity Type,2026-04-03T00:00:00.000,,,,,Cooper's Hawk Loveland LLC,3500 Lacey Rd Ste 1000,,Downers Grove,IL,60515,US,,,,,,,2026-04-03T00:00:00.000,GOOD,2026-03-26T00:00:00.000,20261380555,"restaurant, winery"
20261419483,HANGANG RAMEN 2,Entity Type,2026-04-03T00:00:00.000,,,,,MAY KANG26 LLC,4435 Centennial Blvd,,Colorado Springs,CO,80907,US,,,,,,,2026-04-03T00:00:00.000,GOOD,2026-04-03T00:00:00.000,20261419416,ramen
20261419728,RBG Spirits and Wine of Colorado,Entity Type,2026-04-03T00:00:00.000,,,,,"RBG -  Colorado, L.L.C.","6250 N. River Road, Suite 9000",,Rosemont,IL,60018,US,,,,,,,2026-04-03T00:00:00.000,GOOD,2026-03-11T00:00:00.000,20261302279,spirits
20261420593,Willow Creek Cafe,Individual,2026-04-04T00:00:00.000,Thomas,Allen,Wurtz,,,8100 S Quebec St,Unit B14,Centennial,CO,80112,US,1317 White Fir Ter,,Castle Rock,CO,80108,US,2026-04-04T00:00:00.000,,,,cafe
20261420918,Pizza My Heart,Entity Type,2026-04-04T00:00:00.000,,,,,Capo's LLC DBA Pizza My Heart,1960 S Independence Ct,,Lakewood,CO,80227,US,3212 Troy St,,Aurora,CO,80011,US,2026-04-04T00:00:00.000,GOOD,2026-02-24T00:00:00.000,20261233028,pizza
20261421346,Blume Bagels and Bread,Entity Type,2026-04-04T00:00:00.000,,,,,Glad Bread LLC,1500 N Grant St,Ste N,Denver,CO,80203,US,1500 N Grant St,Ste N,Denver,CO,80203,US,2026-04-04T00:00:00.000,GOOD,2025-01-06T00:00:00.000,20251020873,bagel
20261421540,Colorado Springs Pizza Ranch & FunZone,Entity Type,2026-04-04T00:00:00.000,,,,,Isaiah 54:10 Pizza Ranch LLC,430 N Mitford Dr,,Pueblo,CO,81007,US,,,,,,,2026-04-04T00:00:00.000,GOOD,2024-04-10T00:00:00.000,20241408413,pizza
20261421549,Pueblo Pizza Ranch & FunZone,Entity Type,2026-04-04T00:00:00.000,,,,,"5GPizzaRanch, LLC",1761 S Pueblo Blvd,,Pueblo,CO,81005,US,,,,,,,2026-04-04T00:00:00.000,GOOD,2013-09-09T00:00:00.000,20131522759,pizza
20261421644,5 Day Kitchen Cabinet Painting Denver,Entity Type,2026-04-04T00:00:00.000,,,,,InchPerfect Painting LLC,9057 E Mississippi Ave # 06203,,Denver,CO,80247,US,,,,,,,2026-04-04T00:00:00.000,GOOD,2024-12-10T00:00:00.000,20248310837,kitchen
20261422128,Cryptid Coffee,Entity Type,2026-04-05T00:00:00.000,,,,,Mythic Provisions LLC,5516 Spine Rd Unit 106,,Boulder,CO,80301,US,,,,,,,2026-04-05T00:00:00.000,GOOD,2026-04-04T00:00:00.000,20261421506,coffee
20261422658,Hearthstone Restaurant,Entity Type,2026-04-06T00:00:00.000,,,,,"Salmon Hospitality Group, LLC",112 Southside Drive,,Breckenridge,CO,80424,US,PO Box 3026,,Breckenridge,CO,80424,US,2026-04-06T00:00:00.000,GOOD,2025-11-25T00:00:00.000,20258289844,restaurant
20261424156,Mini Deli,Entity Type,2026-04-06T00:00:00.000,,,,,Phil Am LLC,761 Vance Dr,,Telluride,CO,81435,US,PO Box 2031,,Telluride,CO,81435,US,2026-04-06T00:00:00.000,GOOD,2024-03-07T00:00:00.000,20241282163,deli
20261425410,Log Cabin Breakfast Burritos,Entity Type,2026-04-07T00:00:00.000,,,,,Log Cabin B&G LLC,124 Main St.,,Dillon,CO,80435,US,PO Box 4634,,Dillon,CO,80435,US,2026-04-07T00:00:00.000,GOOD,2026-03-25T00:00:00.000,20261375513,burrito
20261429408,Kona BBQ & Seafood,Entity Type,2026-04-07T00:00:00.000,,,,,Aloha Hawaiian BBQ LLC,7245 Pecos St,,Denver,CO,80221,US,,,,,,,2026-04-07T00:00:00.000,GOOD,2023-09-07T00:00:00.000,20231936884,bbq
20261429640,Ruby Luxe Beauty Lounge,Individual,2026-04-07T00:00:00.000,Ruby,,Davis,,,588 N Lincoln Ave,Suite 589,Loveland,CO,80537,US,10670 Jake Jabs blvd #4304,,firestone,CO,80504,US,2026-04-07T00:00:00.000,,,,lounge
20261431222,Double J's Tacos Locos LLC,Entity Type,2026-04-08T00:00:00.000,,,,,Double J's Food Truck LLC,2591 Legacy Way,,Grand Junction,CO,81503,US,431 1/2 Morning Dove Dr,,Grand Junction,CO,81504,US,2026-04-08T00:00:00.000,GOOD,2026-01-22T00:00:00.000,20261073174,"food truck, taco"
20261432569,FreshLo Market,Entity Type,2026-04-08T00:00:00.000,,,,,Denver Fresh Food Market Consortium,12000 E 47th Ave Ste 201,,Denver,CO,80239,US,,,,,,,2026-04-08T00:00:00.000,GOOD,2024-09-16T00:00:00.000,20241967771,food
20261432912,Zume Asian Cuisine,Entity Type,2026-04-08T00:00:00.000,,,,,Fortune Dining Inc.,16143 E Hinsdale Ave,,Aurora,CO,80016,US,,,,,,,2026-04-08T00:00:00.000,GOOD,2026-03-05T00:00:00.000,20261285357,"cuisine, dining"
20261433043,Salty Dawg Pet Salon + Bakery 1541,Entity Type,2026-04-08T00:00:00.000,,,,,"Wendigo Enterprises, Inc.",2817 Promontory Loop,,Broomfield,CO,80023,US,,,,,,,2026-04-08T00:00:00.000,GOOD,2026-04-02T00:00:00.000,20261413329,bakery
20261434284,Roaring Fork Complete Kitchen and Bath,Entity Type,2026-04-08T00:00:00.000,,,,,"Eireann Rose, Inc",1512 GRAND AVE,SUITE 221,Glenwood Springs,CO,81601,US,PO Box 2141,,Glenwood Springs,CO,81602,US,2026-04-08T00:00:00.000,GOOD,2019-02-09T00:00:00.000,20191122698,kitchen
20261434299,ROARING FORK KITCHEN AND BATH,Entity Type,2026-04-08T00:00:00.000,,,,,"Eireann Rose, Inc",1512 GRAND AVE,SUITE 221,Glenwood Springs,CO,81601,US,PO Box 2141,,Glenwood Springs,CO,81602,US,2026-04-08T00:00:00.000,GOOD,2019-02-09T00:00:00.000,20191122698,kitchen
20261436191,Rooftop Lounge at River's Edge,Entity Type,2026-04-09T00:00:00.000,,,,,River's Edge Durango LLC,1521 Main Ave,Rivers Edge Wellness Center,Durango,CO,81301,US,,,,,,,2026-04-09T00:00:00.000,GOOD,2024-08-12T00:00:00.000,20241848865,lounge
20261436376,Porch Pantry Co.,Entity Type,2026-04-09T00:00:00.000,,,,,The Cupcake Kitchen Ltd.,9474 Beryl Dr,,Peyton,CO,80831,US,,,,,,,2026-04-09T00:00:00.000,GOOD,2023-07-09T00:00:00.000,20231718770,kitchen
20261436401,Stoney's Bar & Grill,Individual,2026-04-09T00:00:00.000,Stoney,,Jesseph,,,8723 W Iliff Ln,,Lakewood,CO,80227,US,1111 Lincoln St,,Denver,CO,80203,US,2026-04-09T00:00:00.000,,,,"bar, grill"
20261437021,Giorgios Pizza,Individual,2026-04-09T00:00:00.000,Christos,,Korosis,,,5701 Leetsdale Dr,,Denver,CO,80224,US,4608 S Abilene Cir,,Aurora,CO,80015,US,2026-04-09T00:00:00.000,,,,pizza
20261438347,The Brow Bar,Individual,2026-04-09T00:00:00.000,CLARA,ROSE,FRIDAY,,,15198 E 103rd Pl,UNIT 310,Commerce City,CO,80022,US,15198 E 103rd Pl,UNIT 310,Commerce City,CO,80022,US,2026-04-09T00:00:00.000,,,,bar
20261438447,Chaos Blends Drink Co.,Individual,2026-04-09T00:00:00.000,Stormy,Marie,Cochran,,,1567 Thornton Way,,Gunnison,CO,81230,US,1567 Thornton Way,,Gunnison,CO,81230,US,2026-04-09T00:00:00.000,,,,drink
20261439904,The Tavern,Entity Type,2026-04-10T00:00:00.000,,,,,726 Tavern LLC,726 Main St,,Ouray 81427,CO,81427,US,,,,,,,2026-04-10T00:00:00.000,GOOD,2026-04-02T00:00:00.000,20261414673,tavern
20261441627,Aura & Vibes Podcast,Entity Type,2026-04-10T00:00:00.000,,,,,Gelato Banks LLC,20627 E Hampden Pl,,Aurora,CO,80013,US,,,,,,,2026-04-10T00:00:00.000,GOOD,2026-04-10T00:00:00.000,20261441563,gelato
20261441882,The Piccolo Bakery,GP,2026-04-10T00:00:00.000,,,,,Mums Matcha LLC,9442 Burlington Lane,,Highlands Ranch,CO,80130,US,,,,,,,2026-04-10T00:00:00.000,,,,bakery
20261442214,Frontier Diner,Individual,2026-04-11T00:00:00.000,Tina,E,Hall,,,315 North 1st Street,,La Junta,CO,81050,US,PO Box 143,,Cheraw,CO,81030,US,2026-04-11T00:00:00.000,,,,diner
20261443287,Apple's Kitchen,Individual,2026-04-11T00:00:00.000,Cheryl,,Barker,,,57428 Highway 330,,Collbran,CO,81624,US,57428 Highway 330,,Collbran,CO,81624,US,2026-04-11T00:00:00.000,,,,kitchen
20261443861,Drink Founders,Entity Type,2026-04-12T00:00:00.000,,,,,"ANZU Nutrition, LLC",254 Sassafras St,,Erie,CO,80516,US,,,,,,,2026-04-12T00:00:00.000,GOOD,2026-04-12T00:00:00.000,20261443846,drink
20261444082,Lotsa Pastabilities,Entity Type,2026-04-12T00:00:00.000,,,,,JBT Food Services LLC,180 Violet Ln,,Bayfield,CO,81122,US,,,,,,,2026-04-12T00:00:00.000,GOOD,2026-04-12T00:00:00.000,20261444073,food
20261444136,Moonlight Mountain Bakery & Art,Individual,2026-04-12T00:00:00.000,Scott,,Henderson,,,834 F South Perry Street,116,Castle Rock,CO,80104,US,834 F South Perry Street,#116,Castle Rock,CO,80104,US,2026-04-12T00:00:00.000,,,,bakery
20261445053,Bovas Market & Grill,Entity Type,2026-04-13T00:00:00.000,,,,,Blessed Brothers LLC,1100 28th St Apt 200,,Boulder,CO,80303,US,1100 28th St Apt 200,,Boulder,CO,80303,US,2026-04-13T00:00:00.000,GOOD,2021-07-29T00:00:00.000,20211702004,grill
20261445541,Los Chingones,Entity Type,2026-04-13T00:00:00.000,,,,,"DTLC Tacos, LLC",4959 S Newport St,,Denver,CO,80237,US,3457 Ringsby Ct Unit 202,,Denver,CO,80216,US,2026-04-13T00:00:00.000,GOOD,2014-12-22T00:00:00.000,20141769479,taco
20261445969,Zero Day,Entity Type,2026-04-13T00:00:00.000,,,,,Zero Day Coffee LLC,412 W 7th St,,Leadville,CO,80461,US,,,,,,,2026-04-13T00:00:00.000,GOOD,2021-08-23T00:00:00.000,20211763602,coffee
20261445981,Zero Day Coffee,Entity Type,2026-04-13T00:00:00.000,,,,,Zero Day Coffee LLC,412 W 7th St,,Leadville,CO,80461,US,,,,,,,2026-04-13T00:00:00.000,GOOD,2021-08-23T00:00:00.000,20211763602,coffee
20261446005,Zero Day Roasting,Entity Type,2026-04-13T00:00:00.000,,,,,Zero Day Coffee LLC,412 W 7th St,,Leadville,CO,80461,US,,,,,,,2026-04-13T00:00:00.000,GOOD,2021-08-23T00:00:00.000,20211763602,coffee
20261446489,Shine Gelato,Entity Type,2026-04-13T00:00:00.000,,,,,Shine Kombucha-Jun LLC,8891 County Road 600,,Pagosa Springs,CO,81147,US,PO Box 2251,,Pagosa Springs,CO,81147,US,2026-04-13T00:00:00.000,GOOD,2026-01-01T00:00:00.000,20258191499,gelato
20261446954,La H Honduran Food,Entity Type,2026-04-13T00:00:00.000,,,,,RARE VLZ BUSINESS LLC,170 BROOKLYN CIR.,,Leadville,CO,80461,US,PO Box 1466,,Leadville,CO,80461,US,2026-04-13T00:00:00.000,GOOD,2026-03-18T00:00:00.000,20261325555,food
20261447269,Native Grill,Entity Type,2026-04-13T00:00:00.000,,,,,Native Grill Enterprises LLC,2444 E Platte Ave.,Suite F,Colorado Springs,CO,80909,US,,,,,,,2026-04-13T00:00:00.000,RP_NC,2025-05-27T00:00:00.000,20251600963,grill
20261447613,Nice Cocktail Co.,Entity Type,2026-04-13T00:00:00.000,,,,,The Fresh Pressed Mixer Co. LLC,2805 Wilderness Pl Ste 700,,Boulder,CO,80301,US,,,,,,,2026-04-13T00:00:00.000,GOOD,2025-01-01T00:00:00.000,20248210151,cocktail
20261448710,Golden Sun Bakery,Individual,2026-04-13T00:00:00.000,Arianna,,Girimonte,,,6746 Gold Drop Dr,,Colorado Springs,CO,80923,US,6746 Gold Drop Dr,,Colorado Springs,CO,80923,US,2026-04-13T00:00:00.000,,,,bakery
20261449011,Elevation Eats,Entity Type,2026-04-14T00:00:00.000,,,,,Voniigo LLC,10548 Worchester Street,,Commerce City,CO,80022-7000,US,10548 Worchester Street,,Commerce City,CO,80022-7000,US,2026-04-14T00:00:00.000,GOOD,2026-01-05T00:00:00.000,20261014292,eats
20261449317,Central Plains Tea & Coffee Co,Individual,2026-04-14T00:00:00.000,Eva,,Gauthier,,,10 W 6th Street N,,Cheyanne Wells,CO,80810,US,Po Box 181,,Cheyanne Wells,CO,80810,US,2026-04-14T00:00:00.000,,,,coffee
20261449778,Seasoning K BBQ,Entity Type,2026-04-14T00:00:00.000,,,,,GREELEY KOBA BBQ LLC,2118 35th Ave,,Greeley,CO,80634,US,2080 S Havana St,,Aurora,CO,80014,US,2026-04-14T00:00:00.000,GOOD,2026-04-13T00:00:00.000,20261447223,bbq
20261451630,Birrieria Dona Maria Family Mexican Restaurant,Entity Type,2026-04-14T00:00:00.000,,,,,La Perla V Inc,1501 W Elizabeth St #2,,Fort Collins,CO,80521,US,,,,,,,2026-04-14T00:00:00.000,GOOD,2026-04-14T00:00:00.000,20261451571,restaurant
20261452597,Kizaki at Denchu/Den Bar,Entity Type,2026-04-14T00:00:00.000,,,,,"Den Deli & Seafood Market, LLC",1501 S Pearl St,,Denver,CO,80210,US,,,,,,,2026-04-14T00:00:00.000,GOOD,2009-07-16T00:00:00.000,20091379041,"bar, deli"
20261452929,Dandelions Cafe,Entity Type,2026-04-14T00:00:00.000,,,,,Pambasos LLC,4430 Gladiola St,,Golden,CO,80403,US,,,,,,,2026-04-14T00:00:00.000,GOOD,2016-03-24T00:00:00.000,20161207332,cafe
20261453165,ASAL BEE MARKET & CAFE,Entity Type,2026-04-15T00:00:00.000,,,,,Yemen Market and Cafe LLC,12955 E Montview Blvd,,Aurora,CO,80045,US,695 Jerry St Suite 104,,Castle Rock,CO,80104,US,2026-04-15T00:00:00.000,GOOD,2025-09-30T00:00:00.000,20258080552,cafe
20261453497,Monse's Pupuseria & Salvadoran Kitchen,Entity Type,2026-04-15T00:00:00.000,,,,,Saigon Cafe LLC,20 E Colorado Ave,,Colorado Springs,CO,80903,US,4105 Stepney Ct,,Colorado Springs,CO,80906,US,2026-04-15T00:00:00.000,GOOD,2023-04-12T00:00:00.000,20231403336,"cafe, kitchen"
20261454730,Snap Lounge,Individual,2026-04-15T00:00:00.000,Ruben,Andrzej,Karel,,,5672 Vine Avenue,,Firestone,CO,80504,US,,,,,,,2026-04-15T00:00:00.000,,,,lounge
20261455534,Hermosa Cafe,Entity Type,2026-04-15T00:00:00.000,,,,,"Cafe 157, LLC",2827 County Road 250,,Durango,CO,81301,US,,,,,,,2026-04-15T00:00:00.000,GOOD,2026-04-15T00:00:00.000,20261455516,cafe
20261457532,Pamper N Style Eats,Entity Type,2026-04-16T00:00:00.000,,,,,Pamper N Style Essential Beauty LLC,2955 New Center Pt PMB 1091,,Colorado Springs,CO,80922,US,,,,,,,2026-04-16T00:00:00.000,GOOD,2024-05-09T00:00:00.000,20241520713,eats
20261457635,The Wing Cave,Entity Type,2026-04-16T00:00:00.000,,,,,"The Wing Bar, Inc., Dissolved September 4, 2026",1450 W 104th Ave,,Northglenn,CO,80234,US,,,,,,,2026-04-16T00:00:00.000,VDISS,2026-01-13T00:00:00.000,20261045635,bar
20261457807,Danaes Diner,Individual,2026-04-16T00:00:00.000,Gary,Kalanui,Lester,,,124 N Main Street,,La Veta,CO,81055,US,,,,,,,2026-04-16T00:00:00.000,,,,diner
20261457847,STEPUP Foundation,Entity Type,2026-04-16T00:00:00.000,,,,,Spirits Training Entrepreneurship Program for Underrepresented Professionals Foundation,2911 Hunter Mill Rd Ste 303,,Oakton,VA,22124,US,,,,,,,2026-04-16T00:00:00.000,GOOD,2026-02-05T00:00:00.000,20261160124,spirits
20261458622,Wiggle Butt Distribution,Entity Type,2026-04-16T00:00:00.000,,,,,"Anderson's Natural Pet Food, LLC",4466 Forest St,,Denver,CO,80216,US,,,,,,,2026-04-16T00:00:00.000,GOOD,2014-03-26T00:00:00.000,20141201778,food
20261458700,Wiggle Butt & Co.,Entity Type,2026-04-16T00:00:00.000,,,,,"Anderson's Natural Pet Food, LLC",4466 Forest St,,Denver,CO,80216,US,,,,,,,2026-04-16T00:00:00.000,GOOD,2014-03-26T00:00:00.000,20141201778,food
20261458751,Wiggle Butt,Entity Type,2026-04-16T00:00:00.000,,,,,"Anderson's Natural Pet Food, LLC",4466 Forest St,,Denver,CO,80216,US,,,,,,,2026-04-16T00:00:00.000,GOOD,2014-03-26T00:00:00.000,20141201778,food
20261458780,Anderson's,Entity Type,2026-04-16T00:00:00.000,,,,,"ColoRAWdo Pet Foods, LLC",4466 Forest St,,Denver,CO,80216,US,,,,,,,2026-04-16T00:00:00.000,GOOD,2025-02-03T00:00:00.000,20251143651,foods
20261458826,Anderson's Natural Pet Food,Entity Type,2026-04-16T00:00:00.000,,,,,"ColoRAWdo Pet Foods, LLC",4466 Forest St,,Denver,CO,80216,US,,,,,,,2026-04-16T00:00:00.000,GOOD,2025-02-03T00:00:00.000,20251143651,"food, foods"
20261458868,Anderson's Natural Pet Foods,Entity Type,2026-04-16T00:00:00.000,,,,,"ColoRAWdo Pet Foods, LLC",4466 Forest St,,Denver,CO,80216,US,,,,,,,2026-04-16T00:00:00.000,GOOD,2025-02-03T00:00:00.000,20251143651,foods
20261460101,Fox & Finch Coffee Co,Entity Type,2026-04-16T00:00:00.000,,,,,Pints & Plovers Brewing LLC,733 Campfire Dr,,Fort Collins,CO,80524,US,,,,,,,2026-04-16T00:00:00.000,GOOD,2025-06-09T00:00:00.000,20251649317,"brewing, coffee"
20261460787,Kase Beauty Bar,Entity Type,2026-04-16T00:00:00.000,,,,,Kase Beauty Group LLC,5332 DTC Blvd #350,,Greenwood Village,CO,80111,US,,,,,,,2026-04-16T00:00:00.000,GOOD,2026-02-27T00:00:00.000,20261252201,bar
20261460830,The Latin Grill,Entity Type,2026-04-16T00:00:00.000,,,,,Latin Grill Operations LLC,185 E Agate Ave,,Granby,CO,80446,US,PO Box 1202,,Kremmling,CO,80459,US,2026-04-16T00:00:00.000,GOOD,2026-04-16T00:00:00.000,20261460676,grill
20261461021,Opa Greek Eats,Entity Type,2026-04-16T00:00:00.000,,,,,"RPW Foods, LLC",6260 S University Blvd,,Centennial,CO,80121,US,,,,,,,2026-04-16T00:00:00.000,GOOD,2021-09-19T00:00:00.000,20211853387,"eats, foods"
20261461041,Summit Smash,Entity Type,2026-04-16T00:00:00.000,,,,,"RPW Foods, LLC",6260 S University Blvd,,Centennial,CO,80121,US,,,,,,,2026-04-16T00:00:00.000,GOOD,2021-09-19T00:00:00.000,20211853387,foods
20261461301,D20 Play Cafe,Entity Type,2026-04-16T00:00:00.000,,,,,"D20 Play Cafe, LLC",301 Main St Ste A,,Canon City,CO,81212,US,,,,,,,2026-04-16T00:00:00.000,GOOD,2026-04-16T00:00:00.000,20261461261,cafe
20261461344,Sahara Cafe of Manitou,Entity Type,2026-04-16T00:00:00.000,,,,,Macro Enterprises of Colorado Inc.,954 Manitou Ave,,Manitou Springs,CO,80829,US,,,,,,,2026-04-16T00:00:00.000,GOOD,2026-04-16T00:00:00.000,20261461340,cafe
20261461992,Little Bear Holdings,Entity Type,2026-04-17T00:00:00.000,,,,,"Little Bear Saloon Holdings, LLC",26627 Snowdrop Rd,,Evergreen,CO,80439,US,,,,,,,2026-04-17T00:00:00.000,GOOD,2023-10-27T00:00:00.000,20238144161,saloon
20261462564,Mountainside Catering & Cafe,GP,2026-04-17T00:00:00.000,,,,,SoCo Frontier enterprises LLC,1148 30 1/4 Ln,,Pueblo,CO,81006,US,1148 30 1/4 Ln,,Pueblo,CO,81006,US,2026-04-17T00:00:00.000,,,,"cafe, catering"
20261462850,Los Chingones,Entity Type,2026-04-17T00:00:00.000,,,,,TAG Restaurant Group LLC,3457 Ringsby Ct Unit 202,,Denver,CO,80216,US,3457 Ringsby Ct Unit 202,,Denver,CO,80216,US,2026-04-17T00:00:00.000,GOOD,2018-06-13T00:00:00.000,20181471641,restaurant
20261462902,BuBu,Entity Type,2026-04-17T00:00:00.000,,,,,TAG Restaurant Group LLC,3457 Ringsby Ct Unit 202,,Denver,CO,80216,US,3457 Ringsby Ct Unit 202,,Denver,CO,80216,US,2026-04-17T00:00:00.000,GOOD,2018-06-13T00:00:00.000,20181471641,restaurant
20261464595,Sweet Honey B Bakery,Individual,2026-04-17T00:00:00.000,Jennifer,L,Scott,,,7650 W 68th Ave,Apt 318,Arvada,CO,80004,US,7650 W 68th Ave,Apt 318,Arvada,CO,80004,US,2026-04-17T00:00:00.000,,,,bakery
20261464653,Forward Coffee,Entity Type,2026-04-17T00:00:00.000,,,,,Renew Coffee LLC,6204 Riverdale Dr,,Colorado Springs,CO,80923,US,,,,,,,2026-04-17T00:00:00.000,GOOD,2023-08-03T00:00:00.000,20231818114,coffee
20261466809,Denver Flower Academy,Entity Type,2026-04-19T00:00:00.000,,,,,Juice Floral Studio LLC,2845 Chase St,,Wheat Ridge,CO,80214,US,,,,,,,2026-04-19T00:00:00.000,GOOD,2026-02-26T00:00:00.000,20261245828,juice
20261468594,Zack's BBQ,Entity Type,2026-04-20T00:00:00.000,,,,,Zack's BBQ LLC,1500 N Grant St,Ste N,Denver,CO,80203,US,1500 N Grant St,Ste N,Denver,CO,80203,US,2026-04-20T00:00:00.000,GOOD,2026-03-27T00:00:00.000,20261382543,bbq
20261469236,Colorado Beef Festival,Entity Type,2026-04-20T00:00:00.000,,,,,Hispanic Restaurant Association,115 Wilcox St,Suite 220,Castle Rock,CO,80118,US,,,,,,,2026-04-20T00:00:00.000,GOOD,2021-02-26T00:00:00.000,20211200553,restaurant
20261471059,TASTE LAB BOWLS WOK ASIAN FUSION,Entity Type,2026-04-20T00:00:00.000,,,,,VICTORS FUSION KITCHEN INC,1014 Colorado Ave,,Glenwood Springs,CO,81601,US,,,,,,,2026-04-20T00:00:00.000,GOOD,2026-04-20T00:00:00.000,20261471047,kitchen
20261471522,Sunny Brew,Entity Type,2026-04-20T00:00:00.000,,,,,Sunny Brew Cafe LLC,190 S 1st St,,Bennett,CO,80102,US,344 S 4th Ct,,Deer Trail,CO,80105,US,2026-04-20T00:00:00.000,GOOD,2025-10-04T00:00:00.000,20258101292,cafe
20261472054,Shakedown Cafe,Entity Type,2026-04-21T00:00:00.000,,,,,"High Altitude Entertainment, LLC",304 Bridge Street C-2,,Vail,CO,81657,US,PO Box 1175,,Vail,CO,81658,US,2026-04-21T00:00:00.000,GOOD,2015-06-23T00:00:00.000,20151404449,cafe
20261472067,Shakedown Cafe and Tequila Bar,Entity Type,2026-04-21T00:00:00.000,,,,,"High Altitude Entertainment, LLC",304 Bridge Street C-2,,Vail,CO,81657,US,PO Box 1175,,Vail,CO,81658,US,2026-04-21T00:00:00.000,GOOD,2015-06-23T00:00:00.000,20151404449,"bar, cafe"
20261472384,"Peace, Love and Little Donuts-Colorado Springs",Entity Type,2026-04-21T00:00:00.000,,,,,H3 Enterprises LLC,14825 Gleneagle Dr,,Colorado Springs,CO,80921,US,,,,,,,2026-04-21T00:00:00.000,GOOD,2025-12-01T00:00:00.000,20258314198,donut
20261474514,Panaderia Los Leales,Entity Type,2026-04-21T00:00:00.000,,,,,LEALS FOODS LLC,1510 Glen Ayr Dr Ste 3,,Lakewood,CO,80215,US,,,,,,,2026-04-21T00:00:00.000,GOOD,2026-04-21T00:00:00.000,20261474504,foods
20261476146,Peak Pizza,Entity Type,2026-04-22T00:00:00.000,,,,,D&N Pizza LLC,710 East Durant Ave,Unit E-1,Aspen,CO,81611,US,PO 276,,Woody Creek,CO,81656,US,2026-04-22T00:00:00.000,GOOD,2026-03-05T00:00:00.000,20261284486,pizza
20261476152,Awakening Cafe,Entity Type,2026-04-22T00:00:00.000,,,,,Awakening Enterprises LLC,12990 E 47th Ave,,Denver,CO,80239,US,,,,,,,2026-04-22T00:00:00.000,GOOD,2022-03-21T00:00:00.000,20221284529,cafe
20261476494,Epic Kitchen Magic,Individual,2026-04-22T00:00:00.000,Darci,Rene,Pennington,,,5050 W 70th Pl,,Westminster,CO,80030,US,5050 West 70th Place,,Westminster,CO,80030,US,2026-04-22T00:00:00.000,,,,kitchen
20261476619,Asli Mediterranean Grill Kosher,Entity Type,2026-04-22T00:00:00.000,,,,,"Demeter Limited, LLC",3225 McLeod Drive,Suite 100,Las Vegas,NV,89121,US,,,,,,,2026-04-22T00:00:00.000,GOOD,2026-03-30T00:00:00.000,20261394373,grill
20261476876,Inta Juice,Entity Type,2026-04-22T00:00:00.000,,,,,Godolias LLC,14705 W 64th Ave Unit B,,Arvada,CO,80004,US,,,,,,,2026-04-22T00:00:00.000,GOOD,2026-04-20T00:00:00.000,20261471427,juice
20261477712,Nana's Breadery & Bakery,Entity Type,2026-04-22T00:00:00.000,,,,,"GRANITE CANYON, INC.",38316 US Highway 24,,Lake George,CO,80827,US,PO Box 730,,Lake George,CO,80827,US,2026-04-22T00:00:00.000,GOOD,2019-08-13T00:00:00.000,20191646987,bakery
20261477865,Speakeasy Blues,Individual,2026-04-22T00:00:00.000,George,,Williams,,,5550 WOhio Ave,,Lakewood,CO,80226,US,5550 WOhio Ave,,Lakewood,CO,80226,US,2026-04-22T00:00:00.000,,,,speakeasy
20261477970,Mint & Mingle Mobile Bar Co.,Entity Type,2026-04-22T00:00:00.000,,,,,Mint & Mingle Mobile Bar Co. LLC,13557 Vallejo Street,,Westminster,CO,80234,US,,,,,,,2026-04-22T00:00:00.000,GOOD,2026-03-19T00:00:00.000,20261328276,bar
20261478014,Heart & Soul Bakery,Individual,2026-04-22T00:00:00.000,Megan,Marie,Quirk,,,2444 West Linda Dr,,Loveland,CO,80537,US,2444 West Linda Dr,,Loveland,CO,80537,US,2026-04-22T00:00:00.000,,,,bakery
20261483907,The Carriage House,Entity Type,2026-04-23T00:00:00.000,,,,,"Garden Cafe, LLC",869 Vine St,,Denver,CO,80206,US,1312 17th St PMB 1557,,Denver,CO,80202,US,2026-04-23T00:00:00.000,GOOD,2026-04-21T00:00:00.000,20261473706,cafe
20261485943,Sage & Finch Hair Salon,Entity Type,2026-04-23T00:00:00.000,,,,,Boulder Beauty Bar Corp,3280 28th St Suite 11,,Boulder,CO,80301,US,PO Box 761,,Niwot,CO,80544,US,2026-04-23T00:00:00.000,GOOD,2017-02-23T00:00:00.000,20171139936,bar
20261491122,Benedict's Restaurant,Entity Type,2026-04-23T00:00:00.000,,,,,Minamino Inc,6492 S Potomac Ct,,Centennial,CO,80111,US,,,,,,,2026-04-23T00:00:00.000,GOOD,2026-02-11T00:00:00.000,20261176371,restaurant
20261492268,BAMBINO'S,Entity Type,2026-04-23T00:00:00.000,,,,,"KSM Bar, LLC",16055 Old Forest Pt Ste 301,,Monument,CO,80132,US,,,,,,,2026-04-23T00:00:00.000,GOOD,2026-01-30T00:00:00.000,20261132366,bar
20261492283,BAMBINO'S Urban Pizzeria,Entity Type,2026-04-23T00:00:00.000,,,,,"KSM Bar, LLC",16055 Old Forest Pt Ste 301,,Monument,CO,80132,US,,,,,,,2026-04-23T00:00:00.000,GOOD,2026-01-30T00:00:00.000,20261132366,"bar, pizzeria"
20261492296,Skirted Heifer,Entity Type,2026-04-23T00:00:00.000,,,,,"KSM Bar, LLC",16055 Old Forest Pt Ste 301,,Monument,CO,80132,US,,,,,,,2026-04-23T00:00:00.000,GOOD,2026-01-30T00:00:00.000,20261132366,bar
20261500096,J Bar C Motors,Entity Type,2026-04-24T00:00:00.000,,,,,J bar C Ranch LLC,24661 County Road S,,Brush,CO,80723,US,Po Box 211,,Brush,CO,80723,US,2026-04-24T00:00:00.000,GOOD,2025-02-21T00:00:00.000,20251194041,bar
20261500121,5 Dogs Sports Bar & Grill,Entity Type,2026-04-24T00:00:00.000,,,,,TREAL 5 LLC,825 N Circle Dr Ste 201,,Colorado Springs,CO,80909,US,,,,,,,2026-04-24T00:00:00.000,GOOD,2025-12-31T00:00:00.000,20258423804,"bar, grill"
20261503006,Monsters Hot Dogs and Brats,Entity Type,2026-04-24T00:00:00.000,,,,,"Monster's Mini Donuts, LLC",3405 Prestwicke Pl,,Colorado Springs,CO,80922,US,,,,,,,2026-04-24T00:00:00.000,GOOD,2021-05-06T00:00:00.000,20211439473,donut
20261504448,Altitude Pro Repair Co.,Entity Type,2026-04-24T00:00:00.000,,,,,Altitude Pro Kitchen Repair LLC,3620 W 10th St Ste B,,Greeley,CO,80634,US,3620 W 10th St Ste B,#127,Greeley,CO,80634,US,2026-04-24T00:00:00.000,GOOD,2026-04-24T00:00:00.000,20261504251,kitchen
20261505169,Sams Pizza,Entity Type,2026-04-24T00:00:00.000,,,,,Neighbors Table LLC,22959 E Smoky Hill Rd Apt M303,,Aurora,CO,80015,US,,,,,,,2026-04-24T00:00:00.000,GOOD,2026-04-24T00:00:00.000,20261504430,pizza
20261505345,Fish Diner,Entity Type,2026-04-24T00:00:00.000,,,,,Loveland Curry LLC,277 N Lincoln Ave,,Loveland,CO,80537,US,1241 Phipps Ln,,Berthoud,CO,80513,US,2026-04-24T00:00:00.000,GOOD,2026-04-24T00:00:00.000,20261505281,diner
20261508054,Blue Sun Food / Shine,Entity Type,2026-04-25T00:00:00.000,,,,,Not Chocolate Ltd.,8802 E 24th Pl Unit 103,,Denver,CO,80238,US,,,,,,,2026-04-25T00:00:00.000,GOOD,2024-07-05T00:00:00.000,20241721152,food
20261508066,Carry-On Coffee,Entity Type,2026-04-25T00:00:00.000,,,,,STARME LLC,1755 South Beeler Street,Apt 6Q,Denver,CO,80921,US,,,,,,,2026-04-25T00:00:00.000,GOOD,2021-03-11T00:00:00.000,20211243783,coffee
20261508204,Andrews Bakery Co,Entity Type,2026-04-25T00:00:00.000,,,,,Harper May Crochet LLC,4280 Vicksburg Ter,,Colorado Springs,CO,80917,US,,,,,,,2026-04-25T00:00:00.000,RP_NC,2023-06-06T00:00:00.000,20231611913,bakery
20261515139,WINDSOR LAKE CAFE & MARKETPLACE,Individual,2026-04-27T00:00:00.000,CLAIRE,CHRISTIE,BROGDEN,,,500 MAIN ST,,WINDSOR,CO,80550,US,,,,,,,2026-04-27T00:00:00.000,,,,cafe
20261515528,Bangkok Tokyo Alamosa,Entity Type,2026-04-27T00:00:00.000,,,,,"Oriental La Cuisine De Compange, LLC",916 Main St.,,Alamosa,CO,81101,US,,,,,,,2026-04-27T00:00:00.000,GOOD,2026-04-27T00:00:00.000,20261515356,cuisine
20261518058,Papas Green Mountain Kitchen 80228,Individual,2026-04-27T00:00:00.000,Ted,,Carlton,,,1147 S Vancouver Way,,Lakewood,CO,80228,US,1147 S Vancouver Way,,Lakewood,CO,80228,US,2026-04-27T00:00:00.000,,,,kitchen
20261521930,Las Toxicas Little Kitchen LLC,Entity Type,2026-04-28T00:00:00.000,,,,,SENOR CHICKEN LLC,6780 S LIVERPOOL ST UNIT D,,AURORA,CO,80016,US,,,,,,,2026-04-28T00:00:00.000,GOOD,2020-08-31T00:00:00.000,20201759080,kitchen
20261522136,TOTAL WINES & SPIRITS,Entity Type,2026-04-28T00:00:00.000,,,,,3260 LIQUOR INC,3260 Centennial Blvd,,Colorado Springs,CO,80907,US,8144 E 131st Ct,,Thornton,CO,80602,US,2026-04-28T00:00:00.000,GOOD,2026-03-30T00:00:00.000,20261392761,spirits
20261522176,Mile High Deli & Brews,Entity Type,2026-04-28T00:00:00.000,,,,,"CI/Wystone, LLC",566 Wells St SW,,Atlanta,GA,30312,US,,,,,,,2026-04-28T00:00:00.000,GOOD,2013-12-17T00:00:00.000,20131717150,deli
20261523282,KENIA'S BAKERY,Entity Type,2026-04-28T00:00:00.000,,,,,KENIAS BAKERY LLC,655 S Federal Blvd Unit B,,Denver,CO,80219,US,,,,,,,2026-04-28T00:00:00.000,GOOD,2026-04-28T00:00:00.000,20261523249,bakery
20261523846,Asian Cafe,Entity Type,2026-04-28T00:00:00.000,,,,,"Tran & Yen, LLC",414 W 1st St,,La Junta,CO,81050,US,,,,,,,2026-04-28T00:00:00.000,DQ,2021-10-08T00:00:00.000,20211932955,cafe
20261524827,Mystic Lounge,Entity Type,2026-04-28T00:00:00.000,,,,,"Mystic Escape Room, LLC",5776 S Rapp St,,Littleton,CO,80120,US,4928 S Coors Ct,,Morrison,CO,80465,US,2026-04-28T00:00:00.000,GOOD,2017-10-16T00:00:00.000,20171772914,lounge
20261524920,Odyssey Kitchen,Individual,2026-04-28T00:00:00.000,Tanner,J,Strausheim,,,5034 w 2nd st,,Greeley,CO,80634,US,5034 w 2ND st,,Greeley,CO,80634,US,2026-04-28T00:00:00.000,,,,kitchen
20261527292,Rest Point Coffee,Entity Type,2026-04-29T00:00:00.000,,,,,Bad Back Studio LLC,236 Sugarbin Ct,,Longmont,CO,80501,US,,,,,,,2026-04-29T00:00:00.000,GOOD,2022-11-03T00:00:00.000,20228089586,coffee
20261528207,Pikes Peak or Brats!,Entity Type,2026-04-29T00:00:00.000,,,,,On Demand Foods LLC,5211 Escapardo Way,,Colorado Springs,CO,80917,US,,,,,,,2026-04-29T00:00:00.000,GOOD,2026-03-09T00:00:00.000,20261296828,foods
20261528509,Tacos De La Calle,Entity Type,2026-04-29T00:00:00.000,,,,,Ramirez LLC,256 9th St,,Burlington,CO,80807,US,,,,,,,2026-04-29T00:00:00.000,GOOD,2026-04-20T00:00:00.000,20261471164,taco
20261529454,TACOS EL GUERO,Individual,2026-04-29T00:00:00.000,URIEL,G,ANMARO-BAHENA,,,100 S First St.,,Bennett,CO,80102,US,100 S. First St.,SUITE 100,Bennett,CO,80102,US,2026-04-29T00:00:00.000,,,,taco
20261531451,summit kitchen & bath,Entity Type,2026-04-30T00:00:00.000,,,,,Idrogo Construction Services LLC,8777 brigton rd,Unid h,Henderson,CO,80640,US,,,,,,,2026-04-30T00:00:00.000,GOOD,2024-02-16T00:00:00.000,20241186590,kitchen
20261532126,Hungry,Entity Type,2026-04-30T00:00:00.000,,,,,Patel Fast Food LLC,18442 Pony Express Drive,110,Parker,CO,80134,US,11044 South Twenty Mile Road,207,Parker,CO,80134,US,2026-04-30T00:00:00.000,GOOD,2026-04-30T00:00:00.000,20261531797,food
20261532645,Sacred Ground Cafe,Entity Type,2026-04-30T00:00:00.000,,,,,Sacred Grounds Coffee In The Canyon LLC,1801 Cheyenne Blvd,,Colorado Springs,CO,80906,US,,,,,,,2026-04-30T00:00:00.000,GOOD,2010-08-12T00:00:00.000,20101452286,"cafe, coffee"
20261535787,Colorado Poetry Calendar,Entity Type,2026-04-30T00:00:00.000,,,,,"The Kitchen Sink Approach, LLC",1633 Fillmore St Ste GL3,,Denver,CO,80206,US,3560 Holland St,#B,Wheat Ridge,CO,80033,US,2026-04-30T00:00:00.000,GOOD,2021-01-20T00:00:00.000,20211055499,kitchen
20261536000,Good Work Hospitality Group,Entity Type,2026-04-30T00:00:00.000,,,,,Sweet Bloom Coffee LLC,1619 Reed St,,Lakewood,CO,80214,US,,,,,,,2026-04-30T00:00:00.000,GOOD,2013-05-16T00:00:00.000,20131293333,coffee
20261536063,Arvada Villa Pizzeria,Entity Type,2026-04-30T00:00:00.000,,,,,LEDA Inc,8201 Grandview Ave,,Arvada,CO,80002,US,,,,,,,2026-04-30T00:00:00.000,GOOD,2018-02-23T00:00:00.000,20181147109,pizzeria
20261536109,4M Coffee Repair,Entity Type,2026-04-30T00:00:00.000,,,,,4M Coffee Repair LLC,407 Clifford St,,Hillrose,CO,80733,US,407 Clifford St,P.O. Box 25,Hillrose,CO,80733,US,2026-04-30T00:00:00.000,GOOD,2026-04-30T00:00:00.000,20261536050,coffee
20261263312,Curmudgeon Coffee Roasters,Individual,2026-05-01T00:00:00.000,Hugh,,McCann,,,210 East St.,Apt 201,Trinidad,CO,81082,US,210 East St.,Apt 201,Trinidad,CO,81082,US,2026-05-02T00:00:00.000,,,,coffee
20261536368,The Language of Food,Individual,2026-05-01T00:00:00.000,Marie-Pierre,,Nicoletti,,,1925 COREY ST,,Longmont,CO,80501,US,1925 COREY ST,,Longmont,CO,80501,US,2026-05-01T00:00:00.000,,,,food
20261536632,Tacos Salinas,Individual,2026-05-01T00:00:00.000,Maurilio,,Salinas,,,6371 E Colfax Ave A,,Strasburg,CO,80136,US,238 S 4TH CT,,Deer Trail,CO,80105,US,2026-05-01T00:00:00.000,,,,taco
20261536681,Blacksmith Tavern and Grill,Entity Type,2026-05-01T00:00:00.000,,,,,"Blacksmith Tavern, LLC",207 Central Ave,,Kremmling,CO,80459,US,,,,,,,2026-05-01T00:00:00.000,GOOD,2026-04-08T00:00:00.000,20261432759,"grill, tavern"
20261537546,The Springs Bagel Company,Entity Type,2026-05-01T00:00:00.000,,,,,The Springs Food Company LLC,110 16th St Ste 1460,,Denver,CO,80202,US,,,,,,,2026-05-01T00:00:00.000,GOOD,2026-04-23T00:00:00.000,20261488240,"bagel, food"
20261538018,KIND CASTLE ORGANIC CANNABIS,Entity Type,2026-05-01T00:00:00.000,,,,,KIND EATERY LLC,690 W Victory Way,,Craig,CO,81625,US,PO Box 687,,Glenwood Springs,CO,81602,US,2026-05-01T00:00:00.000,GOOD,2020-01-22T00:00:00.000,20201057438,eatery
20261538114,Mirva's Finnish Bakery,Individual,2026-05-01T00:00:00.000,mirva,,korko,,,1189 auburn drive,237,castle rock,CO,80109,US,1189 auburn drive,237,castle rock,CO,80109,US,2026-05-01T00:00:00.000,,,,bakery
20261540196,Organic Sol Kitchen,Individual,2026-05-03T00:00:00.000,Jamie,Louise,Vaughn,,,475 Kendall court,apt 123,castle pines,CO,80108,US,475 Kendall court,apt 123,castle pines,CO,80108,US,2026-05-03T00:00:00.000,,,,kitchen
20261540510,Cowboy Lounge,Entity Type,2026-05-03T00:00:00.000,,,,,"Butcher and BBQ, LLC",30790 Stagecoach Blvd Ste 101,,Evergreen,CO,80439,US,,,,,,,2026-05-03T00:00:00.000,GOOD,2023-12-04T00:00:00.000,20238269945,"bbq, lounge"
20261541523,Kitchen Tune Up and Bath Tune Up,Entity Type,2026-05-04T00:00:00.000,,,,,Elevated Home Designs LLC,6920 S Jordan Rd Ste O,,Englewood,CO,80112,US,,,,,,,2026-05-04T00:00:00.000,GOOD,2026-02-24T00:00:00.000,20261234090,kitchen
20261542839,Nuevo Vallarta Family Mexican Restaurant,Entity Type,2026-05-04T00:00:00.000,,,,,El Burro Inc.,500 Harrison Ave,,Leadville,CO,80461,US,1410 Bellaire Dr,,Colorado Springs,CO,80909,US,2026-05-04T00:00:00.000,GOOD,2026-05-04T00:00:00.000,20261541939,restaurant
20261542868,TACOS PRIMAVERA LLC,Entity Type,2026-05-04T00:00:00.000,,,,,Tacos Primavera LLC,1075 S Decatur St,,Denver,CO,80219,US,,,,,,,2026-05-04T00:00:00.000,GOOD,2014-09-23T00:00:00.000,20141578363,taco
20261543341,Mocha Opulence Lounge,Entity Type,2026-05-04T00:00:00.000,,,,,Honey Brown Collection LLC,13311 E Idaho Pl,,Aurora,CO,80012,US,,,,,,,2026-05-04T00:00:00.000,GOOD,2021-04-27T00:00:00.000,20211409836,lounge
20261543455,Benedict's Restaurant,Entity Type,2026-05-04T00:00:00.000,,,,,Minamino Inc,6492 S Potomac Ct,,Centennial,CO,80111,US,,,,,,,2026-05-04T00:00:00.000,GOOD,2026-02-11T00:00:00.000,20261176371,restaurant
20261543526,Black Cat Winery,Individual,2026-05-04T00:00:00.000,John,Joseph,Cernac,Sr.,,52 Loyola Ln,,Pueblo,CO,81006,US,1910 Santa Fe Dr,,Pueblo,CO,81006,US,2026-05-04T00:00:00.000,,,,winery
20261544675,Savory Catering,Entity Type,2026-05-04T00:00:00.000,,,,,"SAVORY CUISINES, INC.",5741 ARAPAHOE ROAD #1A,,BOULDER,CO,80303,US,,,,,,,2026-05-04T00:00:00.000,GOOD,2006-11-14T00:00:00.000,20061466615,"catering, cuisine"
20261545134,Donuts Castle Rock,Entity Type,2026-05-04T00:00:00.000,,,,,YMC Holdings LLC,300 W Allen St,,Castle Rock,CO,80108,US,,,,,,,2026-05-04T00:00:00.000,GOOD,2026-05-04T00:00:00.000,20261545043,donut
20261545580,Creekside Cellars Winery,GP,2026-05-04T00:00:00.000,,,,,"Jaclynn's Garden Winery, LLC",28036 Hwy 74,,Evergreen,CO,80439,US,7646 Heartsease Way,,Evergreen,CO,80439,US,2026-05-04T00:00:00.000,,,,winery
20261545642,Creekside Cellars,GP,2026-05-04T00:00:00.000,,,,,"Jaclynn's Garden Winery, LLC",28036 Hwy 74,,Evergreen,CO,80439,US,7646 Heartsease Way,,Evergreen,CO,80439,US,2026-05-04T00:00:00.000,,,,winery
20261547006,Alta Food,Entity Type,2026-05-05T00:00:00.000,,,,,Alta Holdings LLC,6260 Lamar St,,Arvada,CO,80003,US,,,,,,,2026-05-05T00:00:00.000,GOOD,2026-03-07T00:00:00.000,20261290183,food
20261549743,Heather's Hearth Bakery,Individual,2026-05-06T00:00:00.000,Heather,,Meyer,,,2211 North 17th Circle,,Grand Junction,CO,81501,US,,,,,,,2026-05-06T00:00:00.000,,,,bakery
20261549953,"Laura J Sigoloff, Counseling",Entity Type,2026-05-06T00:00:00.000,,,,,"Sweet Treatment Bakery and Counseling, LLC",710 E High St,,Colorado Springs,CO,80903,US,929 Ramona Ave,,Albany,CA,94706,US,2026-05-06T00:00:00.000,GOOD,2024-06-19T00:00:00.000,20241649004,bakery
20261550481,Godavari,Entity Type,2026-05-06T00:00:00.000,,,,,Arapahoe Eatery LLC,5622 Amarosa Dr,,Parker,CO,80134,US,,,,,,,2026-05-06T00:00:00.000,GOOD,2026-04-17T00:00:00.000,20261464198,eatery
20261551802,PIZZA STREET,Individual,2026-05-06T00:00:00.000,THOMAS,L,WILLIAMS,,,2907 37TH STREET,B,EVANS,CO,80620,US,"1305 15th Ave, Greeley, CO 80631, U",,greeley,CO,80631,US,2026-05-06T00:00:00.000,,,,pizza
20261552866,Flash Burrito LLC2,Entity Type,2026-05-07T00:00:00.000,,,,,flash burrito l.l.c,2395 S King St,,Denver,CO,80219,US,,,,,,,2026-05-07T00:00:00.000,GOOD,2019-06-03T00:00:00.000,20191467565,burrito
20261553536,PIRAMIDES MEXICAN RESTAURANT,Entity Type,2026-05-07T00:00:00.000,,,,,LINNK CORP,1911 S Havana St,,Aurora,CO,80014,US,18295 E Amherst Dr,,Aurora,CO,80013,US,2026-05-07T00:00:00.000,GOOD,2026-05-06T00:00:00.000,20261551330,restaurant
20261554460,2nd Son Kitchen,Entity Type,2026-05-07T00:00:00.000,,,,,Farmhouse 5280 Corp,4780 N Willow St Apt 101,,Denver,CO,80238,US,,,,,,,2026-05-07T00:00:00.000,GOOD,2023-02-05T00:00:00.000,20231148562,kitchen
20261554640,Bottline Co-Packing,Entity Type,2026-05-07T00:00:00.000,,,,,SANCTUARY FOODS LLC,800 E 73rd Ave Unit 20,,Denver,CO,80229,US,,,,,,,2026-05-07T00:00:00.000,GOOD,2007-06-06T00:00:00.000,20071268627,foods
20261555095,Pan Gu Asian Bistro,Entity Type,2026-05-07T00:00:00.000,,,,,FORA PG LLC,16221 E 40th Ave Ste D # Ave,,Denver,CO,80239,US,779 Mercury Cir,,Lone Tree,CO,80124,US,2026-05-07T00:00:00.000,GOOD,2026-05-07T00:00:00.000,20261555064,bistro
20261555869,Columbine Coffee & Tea Company,Individual,2026-05-07T00:00:00.000,Kelly,,Ormsby,,,12780 Road 29,,Dolores,CO,81323,US,12780 Road 29,,Dolores,CO,81323,US,2026-05-07T00:00:00.000,,,,coffee
20261558076,Cubaneate Cuban Food and Bakery,Entity Type,2026-05-08T00:00:00.000,,,,,CUBANEATE LLC,390 NORTH CIRCLE DRIVE CO,,Colorado Springs,CO,80909,US,,,,,,,2026-05-08T00:00:00.000,GOOD,2022-03-01T00:00:00.000,20221232428,"bakery, food"
20261558209,dba KD'S Back Country BBQ,Entity Type,2026-05-08T00:00:00.000,,,,,KD'S CAFFE' LATTE' LLC,280 Barton Cir,,Ignacio,CO,81137,US,PO Box 1603,,Arboles,CO,81121,US,2026-05-08T00:00:00.000,GOOD,2012-05-06T00:00:00.000,20121256956,bbq
20261559437,Sherpa's Restaurant,Entity Type,2026-05-08T00:00:00.000,,,,,FISHTAIL FOOD INC,1076 N Ogden St,,Denver,CO,80218,US,,,,,,,2026-05-08T00:00:00.000,GOOD,2024-06-19T00:00:00.000,20241648872,"food, restaurant"
20261559589,Tanya Salmon Catering LLC,Entity Type,2026-05-08T00:00:00.000,,,,,Cheftsammyfusion LLC,1500 N GRANT ST,Unit 5741,Denver,CO,80203,US,,,,,,,2026-05-08T00:00:00.000,GOOD,2025-05-01T00:00:00.000,20251508786,catering
20261561249,Lalo's Smashburgers,Entity Type,2026-05-09T00:00:00.000,,,,,LALO'S SMASH BURGER LLC,2217 Welton St,,Denver,CO,80205,US,,,,,,,2026-05-09T00:00:00.000,GOOD,2026-05-08T00:00:00.000,20261559545,burger
20261566285,Creatine Canine,Entity Type,2026-05-11T00:00:00.000,,,,,"Real Food, Dog Food LLC",1500 N GRANT ST,STE N,DENVER,CO,80203,US,1500 N GRANT ST,STE N,DENVER,CO,80203,US,2026-05-11T00:00:00.000,GOOD,2025-12-09T00:00:00.000,20258339765,food
20261566433,Corks LoHi,Entity Type,2026-05-11T00:00:00.000,,,,,Adhikari Spirits LLC,3244 Navajo St Unit 3,,Denver,CO,80211,US,6994 E 116th Pl,,Thornton,CO,80233,US,2026-05-11T00:00:00.000,GOOD,2026-05-11T00:00:00.000,20261566404,spirits
20261567819,MALU`S KITCHEN,Entity Type,2026-05-12T00:00:00.000,,,,,DINO CO LLC,25985 Highway 491,,Pleasant View,CO,81331,US,,,,,,,2026-05-12T00:00:00.000,GOOD,2021-05-03T00:00:00.000,20211432089,kitchen
20261568819,Colorado Fresh Meals,Entity Type,2026-05-12T00:00:00.000,,,,,Hispanic Restaurant Association,115 Wilcox St,Suite 220,Castle Rock,CO,80118,US,,,,,,,2026-05-12T00:00:00.000,GOOD,2021-02-26T00:00:00.000,20211200553,restaurant
20261569257,DUKE'S RESTAURANT & SALOON,Entity Type,2026-05-12T00:00:00.000,,,,,Dukes Grill Inc.,363 Village Square Lane,,Castle Pines,CO,80108,US,PO Box 59,,Idaho Springs,CO,80452,US,2026-05-12T00:00:00.000,GOOD,2025-08-21T00:00:00.000,20251904603,"grill, restaurant, saloon"
20261569269,Duke's Steakhouse,Entity Type,2026-05-12T00:00:00.000,,,,,Dukes Grill Inc.,363 Village Square Lane,,Castle Pines,CO,80108,US,PO Box 59,,Idaho Springs,CO,80452,US,2026-05-12T00:00:00.000,GOOD,2025-08-21T00:00:00.000,20251904603,"grill, steakhouse"
20261569749,Crumbs and Whiskers Bakery and Art Studio,Individual,2026-05-12T00:00:00.000,Sarah,Ann,Ususan,,,318 17th St,POB 1144,Kremmling,CO,80459,US,POB 1144,,Kremmling,CO,80459,US,2026-05-12T00:00:00.000,,,,bakery
20261570558,The Cozy Creamery,Entity Type,2026-05-12T00:00:00.000,,,,,Erin Regan LLC,3744 Vineyard Cir,,Colorado Springs,CO,80922,US,,,,,,,2026-05-12T00:00:00.000,GOOD,2026-05-12T00:00:00.000,20261570285,creamery
20261571174,Cellar & Table Catering Company,Entity Type,2026-05-12T00:00:00.000,,,,,Cellar & Table Catering Company LLC,68,Waynes Court,Pagosa Springs,CO,81147,US,P.O. Box 5744,,Pagosa Springs,CO,81147,US,2026-05-12T00:00:00.000,GOOD,2026-04-29T00:00:00.000,20261527327,catering
20261573666,Phelanies Tipsy Tiki Bar,Entity Type,2026-05-13T00:00:00.000,,,,,Phelanies Corp,19 S. Junction Ave.,,Montrose,CO,81401,US,846 E Main St,,Montrose,CO,81401,US,2026-05-13T00:00:00.000,GOOD,2018-03-22T00:00:00.000,20181230951,bar
20261574226,Hush Lounge,Entity Type,2026-05-13T00:00:00.000,,,,,PMFA Adventures LLC,3327 Eagle Butte Ave,,Frederick,CO,80516,US,,,,,,,2026-05-13T00:00:00.000,GOOD,2021-05-11T00:00:00.000,20211450526,lounge
20261575533,Jonesn Catering & Services,Entity Type,2026-05-13T00:00:00.000,,,,,Jonesn,5066 Espana Way,,Denver,CO,80249,US,,,,,,,2026-05-13T00:00:00.000,GOOD,2020-10-13T00:00:00.000,20201884876,catering
20261576438,Saigon Bistro,Entity Type,2026-05-14T00:00:00.000,,,,,SAIGON BISTRO LLC,12303 E Mississippi Ave Unit 145,,Aurora,CO,80012,US,,,,,,,2026-05-14T00:00:00.000,GOOD,2026-04-11T00:00:00.000,20261443131,bistro
20261577099,THE COLOMBIAN BAKERY CORNER,Individual,2026-05-14T00:00:00.000,Heiber,Alexander,Valdivieso monsalve,,,15760 East Alameda Pkwy Apt 309,,Aurora,CO,80017,US,15760 East Alameda Pkwy Apt 309,,Aurora,CO,80017,US,2026-05-14T00:00:00.000,,,,bakery
20261577445,Snowfox Sushi CM445,Entity Type,2026-05-14T00:00:00.000,,,,,NU-David LLC,1158 Cloud Caps Ave Unit B-9,,Pagosa Springs,CO,81147,US,,,,,,,2026-05-14T00:00:00.000,GOOD,2026-05-12T00:00:00.000,20261568183,sushi
20261577528,North Sky Brewing,Individual,2026-05-14T00:00:00.000,Alan,Bradley,Bonsett,,,1501 Lee Hill Dr. Unit 20,,Boulder,CO,80304,US,1501 Lee Hill Dr. Unit 20,,Boulder,CO,80304,US,2026-05-14T00:00:00.000,,,,brewing
20261577673,Busaba Thai Kitchen and Bar,Entity Type,2026-05-14T00:00:00.000,,,,,GANGI LLC,1124 W Enclave Cir,,Louisville,CO,80027,US,,,,,,,2026-05-14T00:00:00.000,GOOD,2025-11-28T00:00:00.000,20258300369,"bar, kitchen"
20261578396,Lucky Ramen & Poke,Entity Type,2026-05-14T00:00:00.000,,,,,RMSJ SUSHI LLC,5142 N Academy Blvd PMB 1072,,Colorado Springs,CO,80918,US,,,,,,,2026-05-14T00:00:00.000,GOOD,2015-04-28T00:00:00.000,20151291750,"ramen, sushi"
20261578428,Snowfox Sushi,Entity Type,2026-05-14T00:00:00.000,,,,,NU-David LLC,1158 Cloud Caps Ave Unit B-9,,Pagosa Springs,CO,81147,US,,,,,,,2026-05-14T00:00:00.000,GOOD,2026-05-12T00:00:00.000,20261568183,sushi
20261578916,Off The Leash Dirty Soda Bar,Entity Type,2026-05-14T00:00:00.000,,,,,Amos and Beejer LLC,1229 Carlene Dr,,Loveland,CO,80537,US,,,,,,,2026-05-14T00:00:00.000,GOOD,2026-04-16T00:00:00.000,20261457614,bar
20261580850,Allegro Coffee Company,Entity Type,2026-05-15T00:00:00.000,,,,,Allegro Coffee Company LLC,12799 Claude Ct,,Thornton,CO,80241,US,550 Bowie St,,Austin,TX,78703,US,2026-05-15T00:00:00.000,GOOD,1978-08-08T00:00:00.000,19871353349,coffee
20261581007,Denver Table Market,Entity Type,2026-05-15T00:00:00.000,,,,,Denver Fresh Food Market Consortium,12000 E 47th Ave Ste 201,,Denver,CO,80239,US,,,,,,,2026-05-15T00:00:00.000,GOOD,2024-09-16T00:00:00.000,20241967771,food
20261583645,Orchard and Field Catering,Entity Type,2026-05-16T00:00:00.000,,,,,C and K Ventures LLC,515 N 10th St,,Canon City,CO,81212,US,PO Box 403,,Canon City,CO,81215,US,2026-05-16T00:00:00.000,GOOD,2026-05-12T00:00:00.000,20261569303,catering
20261584132,Stews & Brews Tavern,Individual,2026-05-16T00:00:00.000,Roger,,clements,,,3018 Hill Ct,,Grand Junction,CO,81504-5853,US,3018 Hill Ct,,Grand Junction,CO,81504,US,2026-05-16T00:00:00.000,,,,tavern
20261585438,Ham Juice Records,Entity Type,2026-05-17T00:00:00.000,,,,,Rider Silvey LLC,2478 Barela Dr,,Berthoud,CO,80513,US,,,,,,,2026-05-17T00:00:00.000,GOOD,2024-03-31T00:00:00.000,20241373640,juice
20261585919,Legendary Spice & Boba X,Entity Type,2026-05-17T00:00:00.000,,,,,THE STEAM HOUSE LLC,11411 S 20 Mile Rd Ste 105,,Parker,CO,80134,US,10850 Mount Bross Way,,Parker,CO,80138,US,2026-05-17T00:00:00.000,GOOD,2026-03-02T00:00:00.000,20261271560,boba
20261588331,WINGS & THUNDER STUDIO,Individual,2026-05-18T00:00:00.000,Norman,D,Lansing,,,PIEDRA PK SUBDVSN 2A,,ARBOLES,CO,81121,US,P.O. Box 1624,,Arboles,CO,81121,US,2026-05-18T00:00:00.000,,,,wings
20261589031,Kain's Silver Bullet Saloon,Individual,2026-05-18T00:00:00.000,Kain,C,Kelch,,,3734 E. 120th Avenue,,Thornton,CO,80233,US,3734 E. 120th Avenue,,Thornton,CO,80233,US,2026-05-18T00:00:00.000,,,,saloon
20261589666,Even Keel,Entity Type,2026-05-18T00:00:00.000,,,,,Coffee Spotter LLC,1106 Aspen Street,,Longmont,CO,80501,US,,,,,,,2026-05-18T00:00:00.000,GOOD,2026-05-04T00:00:00.000,20261544829,coffee
20261589797,Erawan Cafe,Individual,2026-05-18T00:00:00.000,Arthur,,Suthithanin,,,3919 E. 8th Ave,,Denver,CO,80206,US,,,,,,,2026-05-18T00:00:00.000,,,,cafe
20261589904,The burger joint,Individual,2026-05-18T00:00:00.000,LaVonn,Lavee,White,,,206 S CARR AVE,,LAFAYETTE,CO,80026-1006,US,206 S CARR AVE,,LAFAYETTE,CO,80026-1006,US,2026-05-18T00:00:00.000,,,,burger
20261590148,JOHN NORTH'S BARBECUE,Entity Type,2026-05-18T00:00:00.000,,,,,Becker Ventures LLC,29 N 42nd Ave,,Brighton,CO,80601,US,,,,,,,2026-05-18T00:00:00.000,GOOD,2025-12-31T00:00:00.000,20258424984,barbecue
20261591023,Bucksnort Saloon,Entity Type,2026-05-18T00:00:00.000,,,,,The Bucksnort Saloon Corp.,15921 S Elk Creek Rd,,Pine,CO,80470,US,8551 W 71st Cir,,Arvada,CO,80004,US,2026-05-18T00:00:00.000,GOOD,2025-08-14T00:00:00.000,20251887598,saloon
20261592741,SHAMROCK FOODS,Individual,2026-05-19T00:00:00.000,Erubey,Alejandro,Medina,,,1801 Broadway suite 1225,,denver,CO,80202,US,1507 N Santa Fe Ave,,Compton,CA,90221,US,2026-05-19T00:00:00.000,,,,foods
20261593377,Secret Grounds Coffee Shop,Entity Type,2026-05-19T00:00:00.000,,,,,"SoJul Enterprises, LLC",110 Emery Street,,Longmont,CO,80501,US,4061 Dawn Ct,,Boulder,CO,80304,US,2026-05-19T00:00:00.000,GOOD,2026-03-16T00:00:00.000,20261316240,coffee
20261594136,Rosebud's Bakery,Individual,2026-05-19T00:00:00.000,Linda,Susan,Tegtmeier,,,13045 McCune Rd,,Elbert,CO,80106,US,13045 McCune Rd,,Elbert,CO,80106,US,2026-05-19T00:00:00.000,,,,bakery
20261594579,Cleanest Restaurant Group,Entity Type,2026-05-19T00:00:00.000,,,,,JGG Ventures LLC,13476 Thorncreek Cir,,Thornton,CO,80241,US,12470 York St Suite 442,,Eastlake,CO,80614,US,2026-05-19T00:00:00.000,GOOD,2026-05-19T00:00:00.000,20261594338,restaurant
20261594594,"First Sparks, Inc dba Spark's Burger Co.",Individual,2026-05-19T00:00:00.000,Genevieve,Claire,McGregor,,,61 Aspen Overlook,215,Crestone,CO,81131,US,61 Aspen Overlook,215,Crestone,CO,81131,US,2026-05-19T00:00:00.000,,,,burger
20261595532,Triple A Foods,Individual,2026-05-19T00:00:00.000,Adriana,Thais,Aldana Arteaga,,,1170 Ash Street,Apt 504,Denver,CO,80220,US,1170 Ash Street,504,Denver,CO,80220,US,2026-05-19T00:00:00.000,,,,foods
20261596399,Bucksnort,Entity Type,2026-05-20T00:00:00.000,,,,,The Bucksnort Saloon Corp.,15921 S Elk Creek Rd,,Pine,CO,80470,US,8551 W 71st Cir,,Arvada,CO,80004,US,2026-05-20T00:00:00.000,GOOD,2025-08-14T00:00:00.000,20251887598,saloon
20261596890,Muleshoe Bar Ranch,Entity Type,2026-05-20T00:00:00.000,,,,,WGC Trading Co.,13444 CR 16,,Fort Morgan,CO,80701,US,PO Box 460,,Fort Morgan,CO,80701,US,2026-05-20T00:00:00.000,RP_NC,2019-06-17T00:00:00.000,20191491722,bar
20261597686,La Sala Bar,Entity Type,2026-05-20T00:00:00.000,,,,,LA SALA BAR LLC,"2412 S. Academy Blvd., Suite 100",,Colorado Springs,CO,80916,US,,,,,,,2026-05-20T00:00:00.000,GOOD,2026-05-07T00:00:00.000,20261554837,bar
20261598517,Trippin' Cowboy Mobile Bar,Entity Type,2026-05-20T00:00:00.000,,,,,Trippin' Cowboy LLC,110 16th St Ste 1460,,Denver,CO,80202,US,,,,,,,2026-05-20T00:00:00.000,GOOD,2026-05-20T00:00:00.000,20261598394,bar
20261598624,Miss Millies Everyday Food Catering,Entity Type,2026-05-20T00:00:00.000,,,,,Miss Millies Kitchen Catering LLC,9905 E Colfax Ave,,Aurora,CO,80010,US,974 S Jamaica St,,Aurora,CO,80012,US,2026-05-20T00:00:00.000,GOOD,2026-02-04T00:00:00.000,20261153976,"catering, food, kitchen"
20261598859,Independent Natural Food Distribution,Entity Type,2026-05-20T00:00:00.000,,,,,Daily Bread Consulting LLC,315 Cherokee St,,Denver,CO,80223,US,,,,,,,2026-05-20T00:00:00.000,GOOD,2023-05-16T00:00:00.000,20231525769,food
20261599286,Mong Kok Restaurant,Entity Type,2026-05-20T00:00:00.000,,,,,Mong Kok Inc,417 Charlotte St Ste D,,Johnstown,CO,80534,US,,,,,,,2026-05-20T00:00:00.000,GOOD,2026-04-04T00:00:00.000,20261420639,restaurant
20261601082,Westrail Tap & Grill,Entity Type,2026-05-21T00:00:00.000,,,,,WESTRAIL TAP & TEQUILA LLC,195 S Union Blvd,,Lakewood,CO,80228,US,,,,,,,2026-05-21T00:00:00.000,GOOD,2026-03-23T00:00:00.000,20261350018,grill
20261601153,MODU COFFEE AND PLANT,Entity Type,2026-05-21T00:00:00.000,,,,,Deer Creek Coffee Company LLC,7356 S Piney Peak,,Littleton,CO,80127,US,,,,,,,2026-05-21T00:00:00.000,GOOD,2025-03-19T00:00:00.000,20251310018,coffee
20261601672,Real West Coffee Company,GP,2026-05-21T00:00:00.000,Annie,L,MACGREGOR,,,457 WILL AVE,,RIFLE,CO,81650,US,,,,,,,2026-05-21T00:00:00.000,,,,coffee
20261602875,The Winery at Holy Cross Abbey,Entity Type,2026-05-21T00:00:00.000,,,,,HCA Winery Acquisition LLC,3011 E Highway 50,,Canon City,CO,81212,US,,,,,,,2026-05-21T00:00:00.000,GOOD,2005-06-27T00:00:00.000,20051246975,winery
20261602888,Ruby Rae's R&R Blends,Entity Type,2026-05-21T00:00:00.000,,,,,"Ruby Rae's Vintage Tea House, Ltd.",251 Front St Ste 3,,Monument,CO,80132,US,,,,,,,2026-05-21T00:00:00.000,GOOD,2026-01-07T00:00:00.000,20261028170,tea house
20261605346,Four KIddos Bakery,Individual,2026-05-22T00:00:00.000,Samantha,,Gerardo,,,6443 Bastogne drive,A,colorado springs,CO,80902,US,6443 Bastogne drive,A,colorado springs,CO,80902,US,2026-05-22T00:00:00.000,,,,bakery
20261605457,Seoul Kitchen,Entity Type,2026-05-22T00:00:00.000,,,,,"Aspen Elevated Catering, LLC",131 Kiowa,,Carbondale,CO,81623,US,,,,,,,2026-05-22T00:00:00.000,GOOD,2022-01-18T00:00:00.000,20221053400,"catering, kitchen"
20261605675,Okigiri Cafe,Entity Type,2026-05-22T00:00:00.000,,,,,Yummy Tree 1 LLC,1708 Shea Center Dr Apt 4-201,,Highlands Ranch,CO,80129,US,,,,,,,2026-05-22T00:00:00.000,GOOD,2022-08-19T00:00:00.000,20221797825,cafe
20261606509,Block 17 Taphouse,Entity Type,2026-05-22T00:00:00.000,,,,,Block 17 Taphouse LLC,2154 E US Highway 50,,Pueblo,CO,81006,US,,,,,,,2026-05-22T00:00:00.000,GOOD,2026-01-14T00:00:00.000,20261049539,taphouse
20261606518,Block 17,Entity Type,2026-05-22T00:00:00.000,,,,,Block 17 Taphouse LLC,2154 E US Highway 50,,Pueblo,CO,81006,US,,,,,,,2026-05-22T00:00:00.000,GOOD,2026-01-14T00:00:00.000,20261049539,taphouse
20261610324,The Skin & Injection Lounge,Entity Type,2026-05-23T00:00:00.000,,,,,STUDIO M SKIN LOUNGE LLC.,1363 S Garfield Ave,,Loveland,CO,80537,US,3321 Apple Ave,,Loveland,CO,80538,US,2026-05-23T00:00:00.000,GOOD,2023-04-18T00:00:00.000,20231416282,lounge
20261610616,SHAMROCK FOODS,Individual,2026-05-23T00:00:00.000,,,,,Diors Dream LLC,PO BOX 933534,,ATLANTA,GA,31193-3534,US,1434 N Iris Ave,,Rialto,CA,92376,US,2026-05-23T00:00:00.000,,,,foods
20261610782,Estrella,Entity Type,2026-05-23T00:00:00.000,,,,,"Pop Kitchen & Events, LLC",414 S Nevada Ave,,Colorado Springs,CO,80903,US,315 W Cheyenne Rd,,Colorado Springs,CO,80906,US,2026-05-23T00:00:00.000,GOOD,2023-06-30T00:00:00.000,20231359617,kitchen
20261612722,Peak HRT & IV Drip Lounge,Individual,2026-05-23T00:00:00.000,Rebecca,,Miskew,,,PO Box 2587,,Silverthorne,CO,80498,US,PO Box 2587,,Silverthorne,CO,80498,US,2026-05-23T00:00:00.000,,,,lounge
20261623210,Wildflower Kitchen Company,Individual,2026-05-25T00:00:00.000,Jessica,,Toth,,,9856 E Louisiana Dr,Apt 103,Aurora,CO,80247,US,9856 E Louisiana Dr,Apt 103,Aurora,CO,80247,US,2026-05-25T00:00:00.000,,,,kitchen
20261623299,Vital Coffee Company,Entity Type,2026-05-25T00:00:00.000,,,,,Forest Coffee and Art LLC,3580 Johnson St,,Wheat Ridge,CO,80033,US,,,,,,,2026-05-25T00:00:00.000,GOOD,2026-03-30T00:00:00.000,20261395312,coffee
20261627497,Honey Kissed Bakery,Individual,2026-05-26T00:00:00.000,Jordan,,Perez,,,1200 E 19th St,,Rifle,CO,81650,US,1200 E 19th St,,Rifle,CO,81650,US,2026-05-26T00:00:00.000,,,,bakery
20261627979,Aunt Helen's Coffee House & Cafe,Entity Type,2026-05-26T00:00:00.000,,,,,"CCS1, LLC",800 8th Ave Ste 101,,Greeley,CO,80631,US,288 Hewlett Gulch Rd,,Livermore,CO,80536,US,2026-05-26T00:00:00.000,GOOD,2026-04-28T00:00:00.000,20261524964,"cafe, coffee"
20261627993,Love Spell Bakery,Individual,2026-05-26T00:00:00.000,Taryn,Elizabeth,Hisam,,,615 South Ivy Street,Unit 101,Yuma,CO,80759,US,615 South Ivy Street,Unit 101,Yuma,CO,80759,US,2026-05-26T00:00:00.000,,,,bakery
20261628110,Kitchen Transformed,Entity Type,2026-05-26T00:00:00.000,,,,,The Chesney Group-KT LLC,4568 Brookwood Dr,,Highlands Ranch,CO,80130,US,,,,,,,2026-05-26T00:00:00.000,GOOD,2026-05-07T00:00:00.000,20261556319,kitchen
20261633713,COSMIC CLOUD BOBA COMPANY,Entity Type,2026-05-26T00:00:00.000,,,,,"Delicious Days, LLC",760 Beech St,,Lakewood,CO,80401,US,,,,,,,2026-05-26T00:00:00.000,GOOD,2026-05-26T00:00:00.000,20261632590,boba
20261636978,The Anywhere Bar,Individual,2026-05-26T00:00:00.000,Dylan,,Friedman,,,6945 West 109th Avenue,Apt D208,Westminster,CO,80020,US,6945 West 109th Avenue,Apt D208,Westminster,CO,80020,US,2026-05-26T00:00:00.000,,,,bar
20261639393,Sacred Roots Bakery,Individual,2026-05-27T00:00:00.000,Krista,,Morgan,,,5990 Pemberton Way,,Colorado Springs,CO,80919,US,5990 Pemberton Way,,Colorado Springs,CO,80919,US,2026-05-27T00:00:00.000,,,,bakery
20261640245,Dickey's Barbecue Pit,Entity Type,2026-05-27T00:00:00.000,,,,,Safari Restaurant 589 LLC,"117th W 4th ST, Rifle",,Rifle,CO,81650,US,391 Faas Ranch Rd,,New Castle,CO,81647,US,2026-05-27T00:00:00.000,GOOD,2026-04-30T00:00:00.000,20261534425,"barbecue, restaurant"
20261641755,Spanish Peaks Campground Bar and Grill,Entity Type,2026-05-27T00:00:00.000,,,,,Pittman Adventures LLC,22590 County Road 41.6,,Aguilar,CO,81020,US,,,,,,,2026-05-27T00:00:00.000,GOOD,2022-02-07T00:00:00.000,20221140076,"bar, grill"
20261649949,ROLLIN' STREET BAKERY,Entity Type,2026-05-28T00:00:00.000,,,,,"TRDLO Street Bakery 2, LLC",1500 N Grant ST #10694,,Denver,CO,80203,US,,,,,,,2026-05-28T00:00:00.000,GOOD,2026-05-28T00:00:00.000,20261649689,bakery
20261650543,Pan Gu Asian Bistro,Entity Type,2026-05-28T00:00:00.000,,,,,FORA PG LLC,16221 E 40th Ave Ste D # Ave,,Denver,CO,80239,US,779 Mercury Cir,,Lone Tree,CO,80124,US,2026-05-28T00:00:00.000,GOOD,2026-05-07T00:00:00.000,20261555064,bistro
20261651058,Pluto's Guitar Cafe,Entity Type,2026-05-28T00:00:00.000,,,,,"Racheli Food, llc",624 Main St Ste C,,Longmont,CO,80501,US,,,,,,,2026-05-28T00:00:00.000,GOOD,2018-05-11T00:00:00.000,20181386918,"cafe, food"
20261653594,Monsireaux Cafe,Entity Type,2026-05-28T00:00:00.000,,,,,Monsireaux Atelier Company,1285 W Pueblo Blvd,#1003,PUEBLO,CO,81005,US,,,,,,,2026-05-28T00:00:00.000,GOOD,2026-05-28T00:00:00.000,20261653554,cafe
20261655181,Durango Pizza,Entity Type,2026-05-29T00:00:00.000,,,,,Durango Hospitality Partners LLC,835 E 2nd Ave Ste 234,,Durango,CO,81301,US,,,,,,,2026-05-29T00:00:00.000,GOOD,2022-09-20T00:00:00.000,20221902128,pizza
20261658180,Chaotic Good Coffee,Entity Type,2026-05-29T00:00:00.000,,,,,Chaotic Good Coffee LLC,415 Saint Vrain Pl Apt 202,,Colorado Springs,CO,80904,US,,,,,,,2026-05-29T00:00:00.000,GOOD,2026-04-07T00:00:00.000,20261428906,coffee
20261658674,Baklava Unlimited,Entity Type,2026-05-29T00:00:00.000,,,,,Sharp Foods LLC,4215 Broadway St,,Boulder,CO,80304,US,,,,,,,2026-05-29T00:00:00.000,GOOD,2026-05-25T00:00:00.000,20261621771,foods
20261663108,Cold Front Cycle,Entity Type,2026-05-31T00:00:00.000,,,,,Wordens Kitchen LLC,27670 County Road 44,,Burlington,CO,80807,US,,,,,,,2026-05-31T00:00:00.000,RP_NC,2025-05-17T00:00:00.000,20251552830,kitchen
20261663269,Any occasion catering,Entity Type,2026-05-31T00:00:00.000,,,,,Miss Millies Kitchen Catering LLC,9905 E Colfax Ave,,Aurora,CO,80010,US,974 S Jamaica St,,Aurora,CO,80012,US,2026-05-31T00:00:00.000,GOOD,2026-02-04T00:00:00.000,20261153976,"catering, kitchen"
20261406088,The Drink Stop,Entity Type,2026-06-01T00:00:00.000,,,,,Klerr Enterprise LLC,252 S Gunnison Ave,,Lake City,CO,81235,US,PO Box 143,,Lake City,CO,81235,US,2026-06-02T00:00:00.000,GOOD,2023-06-21T00:00:00.000,20231642807,drink
20261669708,BlueByrd Ranch,Entity Type,2026-06-01T00:00:00.000,,,,,Frink Creamery LLC,8954 S Pine Dr,,Beulah,CO,81023,US,,,,,,,2026-06-01T00:00:00.000,GOOD,2023-03-22T00:00:00.000,20231306058,creamery
20261669767,The Nest,Entity Type,2026-06-01T00:00:00.000,,,,,Frink Creamery LLC,8954 S Pine Dr,,Beulah,CO,81023,US,,,,,,,2026-06-01T00:00:00.000,GOOD,2023-03-22T00:00:00.000,20231306058,creamery
20261670068,Dirty Byrd Studio,Entity Type,2026-06-01T00:00:00.000,,,,,Frink Creamery LLC,8954 S Pine Dr,,Beulah,CO,81023,US,,,,,,,2026-06-01T00:00:00.000,GOOD,2023-03-22T00:00:00.000,20231306058,creamery
20261671741,Pizzeria Colore,Individual,2026-06-01T00:00:00.000,Venanzio,,MOMO,,,3041 East 3rd Avenue,,Denver,CO,80206,US,3041 East 3rd Avenue,,Denver,CO,80206,US,2026-06-01T00:00:00.000,,,,pizzeria
20261672171,HG COS Concessionaires JV,Entity Type,2026-06-01T00:00:00.000,,,,,"BEAUTY BAR, INC.",26 N Tejon St,,Colorado Springs,CO,80903,US,PO Box 1475,,Colorado Springs,CO,80901,US,2026-06-01T00:00:00.000,RP_NC,2012-12-06T00:00:00.000,20121677299,bar
20261673302,SJ FOOD,Entity Type,2026-06-01T00:00:00.000,,,,,S.J. DISTRIBUTORS LLC,717 E Industrial Blvd,,Pueblo,CO,81007,US,625 VISTA WAY,,MILPITAS,CA,95035-5433,US,2026-06-01T00:00:00.000,GOOD,2026-05-19T00:00:00.000,20261591347,food
20261673395,The Mill Bakery,Entity Type,2026-06-01T00:00:00.000,,,,,"The Mill Enterprises, LLC",22 Cornell Cir,,Pueblo,CO,81005,US,,,,,,,2026-06-01T00:00:00.000,GOOD,2026-03-13T00:00:00.000,20261310789,bakery
20261673511,Aloha Grill,Entity Type,2026-06-01T00:00:00.000,,,,,Asian Fusion Express LLC,3698 W 44th Ave Unit B2,,Denver,CO,80211,US,,,,,,,2026-06-01T00:00:00.000,GOOD,2026-01-29T00:00:00.000,20261126449,grill
20261674258,The Butter Witch Bakery,Entity Type,2026-06-01T00:00:00.000,,,,,WillowSun Holistic LLC,4455 Allison Dr,,Colorado Springs,CO,80916,US,4455 Allison Dr,,Colorado Springs,CO,80916,US,2026-06-01T00:00:00.000,GOOD,2025-11-21T00:00:00.000,20258260628,bakery
20261674354,Ertale Restaurant,Entity Type,2026-06-01T00:00:00.000,,,,,Ertale Ethiopian Restaurant LLC,10682 E Iliff Ave,,Aurora,CO,80014,US,,,,,,,2026-06-01T00:00:00.000,GOOD,2024-08-13T00:00:00.000,20241852226,restaurant
20261674790,RED DIAMOND NIGHTCLUB,Entity Type,2026-06-01T00:00:00.000,,,,,RED DIAMOND LOUNGE LLC,1980 Lansing St,,Aurora,CO,80010,US,,,,,,,2026-06-01T00:00:00.000,GOOD,2026-06-01T00:00:00.000,20261674129,lounge
20261678786,Karla's Kitchen of Nutrition,Individual,2026-06-02T00:00:00.000,Karla,Jean,Schmidt,,,1527 Brimble Dr,,Erie,CO,80516-7258,US,1527 Brimble Dr,,Erie,CO,80516-7258,US,2026-06-02T00:00:00.000,,,,kitchen
20261679410,Anselmo's Pizzeria & Pasta,Entity Type,2026-06-02T00:00:00.000,,,,,Jasper Pizza & Pasta Inc.,880 W Happy Canyon Rd Ste 105,,Castle Rock,CO,80108,US,,,,,,,2026-06-02T00:00:00.000,GOOD,2026-06-02T00:00:00.000,20261679387,"pizza, pizzeria"
20261679756,Voodoo Hair Lounge,Entity Type,2026-06-02T00:00:00.000,,,,,Voodoo Collective LLC,794 Dexter Dr,,Broomfield,CO,80020,US,,,,,,,2026-06-02T00:00:00.000,GOOD,2026-04-22T00:00:00.000,20261478019,lounge
20261680316,PHO MINH,Entity Type,2026-06-02T00:00:00.000,,,,,PHO MINH HAVANA LLC,2050 S HAVANA ST,,AURORA,CO,80014,US,,,,,,,2026-06-02T00:00:00.000,GOOD,2026-06-02T00:00:00.000,20261680267,pho
20261682823,Smoothie King,Entity Type,2026-06-03T00:00:00.000,,,,,"JNC,LLC",5607 Barnes Road,,Colorado Springs,CO,80917,US,7319 Dutch Loop,,Colorado Srpings,CO,80925,US,2026-06-03T00:00:00.000,GOOD,2018-11-18T00:00:00.000,20181898734,smoothie
20261684599,"TasteBudz, Apres",Entity Type,2026-06-03T00:00:00.000,,,,,"Platinum Foods, LLC",711 W 8th St,,Pueblo,CO,81003,US,,,,,,,2026-06-03T00:00:00.000,GOOD,2015-08-25T00:00:00.000,20151548885,foods
20261684929,Himalaya Food,Entity Type,2026-06-03T00:00:00.000,,,,,Himalaya Foods LLC,215 Elk Ave,,Crested Butte,CO,81224,US,PO Box 3145,,Crested Butte,CO,81225,US,2026-06-03T00:00:00.000,GOOD,2026-06-03T00:00:00.000,20261684782,"food, foods"
20261688213,SHERPA BASECAMP,Entity Type,2026-06-04T00:00:00.000,,,,,CURRY & GRILL INC,1320 E 17th Ave,,Denver,CO,80218,US,8144 E 131st Ct,,Thornton,CO,80602,US,2026-06-04T00:00:00.000,GOOD,2023-12-01T00:00:00.000,20238262862,grill
20261688386,SESAME SANDWICH,Entity Type,2026-06-04T00:00:00.000,,,,,MA FOOD LLC,1432 E 22nd Ave,,Denver,CO,80205,US,1939 Merrill Cir E,,Erie,CO,80516,US,2026-06-04T00:00:00.000,GOOD,2026-05-07T00:00:00.000,20261554920,"food, sandwich"
20261688549,Western Slope BBQ and Pizza Company,Entity Type,2026-06-04T00:00:00.000,,,,,Leeward Enterprises LLC,10329 Kings View Rd,,Austin,CO,81410,US,,,,,,,2026-06-04T00:00:00.000,GOOD,2011-11-21T00:00:00.000,20111640306,"bbq, pizza"
20261688907,Holloway Custom Kitchen Bath & Basement Remodeling,Entity Type,2026-06-04T00:00:00.000,,,,,Holloway Customs LLC,5337 Barnstormers Ave,,Colorado Springs,CO,80911,US,,,,,,,2026-06-04T00:00:00.000,GOOD,2020-07-16T00:00:00.000,20201611178,kitchen
20261689002,PHANTOM CANYON TOURS,Entity Type,2026-06-04T00:00:00.000,,,,,Phantom Canyon Coffee Limited,301 Victor Ave,,Victor,CO,80860,US,8251 Jellison St,,Arvada,CO,80005,US,2026-06-04T00:00:00.000,GOOD,2020-03-01T00:00:00.000,20201109776,coffee
20261689632,Timberline Steaks & Grill,Entity Type,2026-06-04T00:00:00.000,,,,,"MB Creation, LLC",8780 W 101st Ave,,Broomfield,CO,80021,US,,,,,,,2026-06-04T00:00:00.000,GOOD,2024-05-14T00:00:00.000,20241531567,grill
20261690572,Mr. Fred and C's Cajun Kitchen,Entity Type,2026-06-04T00:00:00.000,,,,,Hungary Fox LLC,4334 W 3rd St,,Greeley,CO,80634,US,,,,,,,2026-06-04T00:00:00.000,GOOD,2025-10-01T00:00:00.000,20258093936,kitchen
20261691417,Liminal Speakeasy,Entity Type,2026-06-05T00:00:00.000,,,,,"Blue Wave Insight, LLC",8436 Roaring Fork Dr,,Colorado Springs,CO,80924,US,PSC 480 Box 1114,,APO,AE,09128,US,2026-06-05T00:00:00.000,GOOD,2021-12-02T00:00:00.000,20218142464,speakeasy
20261691505,High Country GF Bakery,Individual,2026-06-05T00:00:00.000,John,,Dynan,,,5166 Grand Cypress Court,,Fort Collins,CO,80528-9102,US,5166 Grand Cypress Ct,,Fort Collins,CO,80528,US,2026-06-05T00:00:00.000,,,,bakery
20261693575,LETY'S MEXICAN BAR AND GRILL,Entity Type,2026-06-05T00:00:00.000,,,,,LETY'S BURRITO SHACK LLC,313 Chambers Ave,Unit G,Eagle,CO,81631,US,PO Box 2193,,Gypsum,CO,81637,US,2026-06-05T00:00:00.000,GOOD,2021-06-28T00:00:00.000,20211602318,"bar, burrito, grill"
20261693829,Gorsuch Ski Coffee Bar,Entity Type,2026-06-05T00:00:00.000,,,,,"GORSUCH, LTD.",263 E Gore Creek Dr,,Vail,CO,81657,US,,,,,,,2026-06-05T00:00:00.000,GOOD,1965-07-23T00:00:00.000,19871189286,"bar, coffee"
20261694121,The Lonesome Buffalo Coffee Company,Entity Type,2026-06-05T00:00:00.000,,,,,"The Lonesome Buffalo, LLC",18290 6300 Rd,,Montrose,CO,81403,US,,,,,,,2026-06-05T00:00:00.000,GOOD,2021-10-31T00:00:00.000,20218040364,coffee
20261694342,Loly's Cafe,Individual,2026-06-05T00:00:00.000,Yenifer,Daniela,Soto Vera,,,"4155 E Jewell AVE,",,Denver,CO,80222,US,14903 e 51st pl,,Denver,CO,80239,US,2026-06-05T00:00:00.000,,,,cafe
20261694662,Uncle John's Kitchen,Entity Type,2026-06-06T00:00:00.000,,,,,Coffee and Crumble LLC,7530 W 38th Ave,,Wheat Ridge,CO,80033,US,2939 Newton St Apt 2,,Denver,CO,80211,US,2026-06-06T00:00:00.000,GOOD,2025-07-02T00:00:00.000,20251743915,"coffee, kitchen"
20261695735,Contour Coffee Roasters,Entity Type,2026-06-07T00:00:00.000,,,,,"Qahwah, LLC",9255 W Alameda Ave Ste L,,Lakewood,CO,80226,US,,,,,,,2026-06-07T00:00:00.000,GOOD,2017-08-18T00:00:00.000,20171620672,coffee
20261696449,Doorstep Bakery,Individual,2026-06-07T00:00:00.000,Elizabeth,M,Bryans,,,6305 W CRESTLINE AVE,,Littleton,CO,80123,US,6305 W CRESTLINE AVE,,Littleton,CO,80123,US,2026-06-07T00:00:00.000,,,,bakery
20261699243,Kitchen Table Bakery,Individual,2026-06-08T00:00:00.000,Rachel,,Handler,,,"85 Uinta Way, Unit 904",,Denver,CO,80230,US,,,,,,,2026-06-08T00:00:00.000,,,,"bakery, kitchen"
20261701046,The Long Drink Company,Entity Type,2026-06-09T00:00:00.000,,,,,MARK ANTHONY BRANDS INC.,167 N. Green Street,Suite 600A,Chicago,IL,60607,US,,,,,,,2026-06-09T00:00:00.000,GOOD,2000-01-31T00:00:00.000,20001020541,drink
20261701162,VJV TRANSPORT DBA CATTLE CALL CAFE,Individual,2026-06-09T00:00:00.000,VINCENT,J,VALDEZ,,,19245 RD X,,LEWIS,CO,81327,US,11503 RD 22,,Cortez,CO,81321,US,2026-06-09T00:00:00.000,,,,cafe
20261701353,Giannis Pizzas,Entity Type,2026-06-09T00:00:00.000,,,,,SunCity Holdings LLC,1550 Galena St,,Aurora,CO,80010,US,,,,,,,2026-06-09T00:00:00.000,GOOD,2026-06-09T00:00:00.000,20261700946,pizza
20261701703,Healthy Sushi,Entity Type,2026-06-09T00:00:00.000,,,,,"Lwin Family Co, LLC",3623 Lazy Hawk Rd Ste 101,,Rock Hill,SC,29730,US,,,,,,,2026-06-09T00:00:00.000,GOOD,2014-03-19T00:00:00.000,20141175663,sushi
20261701876,Aurora Specialty Foods,Individual,2026-06-09T00:00:00.000,Felix,,De La Rosa,,,PO BOX 31303,,Aurora,CO,80041,US,,,,,,,2026-06-09T00:00:00.000,,,,foods
20261702035,El chapin catering,Entity Type,2026-06-09T00:00:00.000,,,,,EL CHAPIN LLC,12208 Chimney Smoke Dr,,Peyton,CO,80831,US,,,,,,,2026-06-09T00:00:00.000,GOOD,2017-10-02T00:00:00.000,20171748161,catering
20261702123,El Chapin Burgers & Shakes,Entity Type,2026-06-09T00:00:00.000,,,,,EL CHAPIN LLC,12208 Chimney Smoke Dr,,Peyton,CO,80831,US,,,,,,,2026-06-09T00:00:00.000,GOOD,2017-10-02T00:00:00.000,20171748161,burger
20261702453,Cattle Call Cafe,Individual,2026-06-09T00:00:00.000,Vincent,J,Valdez,,,19245 Rd X,,Lewis,CO,81327,US,11603 Rd 22,,Cortez,CO,81321,US,2026-06-09T00:00:00.000,,,,cafe
20261702887,Rooftop Coffee Company,Entity Type,2026-06-09T00:00:00.000,,,,,"Porismos, LLC",427 Oak St,,Steamboat Springs,CO,80487,US,PO Box 776281,,Steamboat Springs,CO,80477,US,2026-06-09T00:00:00.000,GOOD,2023-05-24T00:00:00.000,20231560247,coffee
20261702954,Fecteau Foods,Individual,2026-06-09T00:00:00.000,Robert,,Fecteau,,,41077 Hwy 133,,Paonia,CO,81428,US,P.O. Box 562,,Paonia,CO,81428,US,2026-06-09T00:00:00.000,,,,foods
20261704239,Kelly's Boba and Desserts,Entity Type,2026-06-09T00:00:00.000,,,,,KELLYS BOBA AND DESSERTS CO.,5086 N Nevada Ave Unit 110,,Colorado Springs,CO,80918,US,,,,,,,2026-06-09T00:00:00.000,GOOD,2025-06-23T00:00:00.000,20251690961,boba
20261704486,Petal & Stem Flower Bar,Entity Type,2026-06-09T00:00:00.000,,,,,ZITOS SERVICES L.L.C.,3630 Saddle Rock Rd,,Colorado Springs,CO,80918,US,,,,,,,2026-06-09T00:00:00.000,GOOD,2022-10-20T00:00:00.000,20228020257,bar
20261705392,Haraz Coffee House,Entity Type,2026-06-10T00:00:00.000,,,,,Yemeni Coffee Group LLC,4666 S Malaya Ct,,Aurora,CO,80015,US,,,,,,,2026-06-10T00:00:00.000,GOOD,2026-06-09T00:00:00.000,20261700313,coffee
20261706044,Nomad Spirits,Entity Type,2026-06-10T00:00:00.000,,,,,Aspen Valley Events LLC,33 Mining Stock Pkwy Unit 102,,Aspen,CO,81611,US,,,,,,,2026-06-10T00:00:00.000,GOOD,2025-12-02T00:00:00.000,20258317015,spirits
20261707190,Valerio's Bakery Cafe,Entity Type,2026-06-10T00:00:00.000,,,,,"Valerio's Family Bakeshop, Inc.",1500 N. Grant St.,Ste R,Denver,CO,80203,US,,,,,,,2026-06-10T00:00:00.000,GOOD,2025-08-29T00:00:00.000,20251953673,"bakery, cafe"
20261709257,tamales waldo,Individual,2026-06-10T00:00:00.000,christian,,jimenez,,,890 s yates st,,denver,CO,80219,US,890 s yates st,,denver,CO,80219,US,2026-06-10T00:00:00.000,,,,tamale
20261709746,Sherpa Coffee House,Entity Type,2026-06-10T00:00:00.000,,,,,"Royal Clay Oven, Inc.",5290 Arapahoe Ave Ste B,,Boulder,CO,80303,US,,,,,,,2026-06-10T00:00:00.000,GOOD,2012-01-04T00:00:00.000,20121008838,coffee
20261712239,Somm Sauvage & Co.,Entity Type,2026-06-11T00:00:00.000,,,,,Sommelier & Bar Consultants of Colorado LLC,1150 E Colfax,Unit 155,Denver,CO,80218,US,,,,,,,2026-06-11T00:00:00.000,GOOD,2024-04-19T00:00:00.000,20241432303,bar
20261712570,Watterson Foods Inc,Entity Type,2026-06-11T00:00:00.000,,,,,"Silver State Foods, Inc.",5195 E 39th Ave,,Denver,CO,80207,US,,,,,,,2026-06-11T00:00:00.000,GOOD,2005-11-03T00:00:00.000,20051411382,foods
20261712606,Roberto's Salsas and Sauces,Entity Type,2026-06-11T00:00:00.000,,,,,"Silver State Foods, Inc.",5195 E 39th Ave,,Denver,CO,80207,US,,,,,,,2026-06-11T00:00:00.000,GOOD,2005-11-03T00:00:00.000,20051411382,foods
20261712689,Barcelona Wine Bar,Entity Type,2026-06-11T00:00:00.000,,,,,"Barcelona Denver South, LLC","8107 E. Belleview Avenue, Suite 100",,Denver,CO,80237,US,"20 Ketchum Street, Unit 101",,Westport,CT,06880,US,2026-06-11T00:00:00.000,GOOD,2025-10-16T00:00:00.000,20258131402,wine bar
20261713672,The Rose Cafe,Individual,2026-06-11T00:00:00.000,Joyce,S,Guzman,,,940 Goddard Ave,,Ignacio,CO,81137-5058,US,P.O. Box 1265,,Ignacio,CO,81137,US,2026-06-11T00:00:00.000,,,,cafe
20261715620,Sankai Sushi,Entity Type,2026-06-12T00:00:00.000,,,,,VKL LLC,4906 Tower Rd Ste 150,,Denver,CO,80249,US,,,,,,,2026-06-12T00:00:00.000,GOOD,2025-10-29T00:00:00.000,20258194374,sushi
20261717219,Doug's Diner,Entity Type,2026-06-12T00:00:00.000,,,,,AYKU Co,2300 W County RD 38 E,Lot 214,Fort Collins,CO,80526,US,,,,,,,2026-06-12T00:00:00.000,GOOD,2026-05-21T00:00:00.000,20261602391,diner
20261718048,CC Cafe,Entity Type,2026-06-12T00:00:00.000,,,,,Glez Brothers LLC,104 Midland Ave Unit 101,,Basalt,CO,81621,US,PO Box 604,,Basalt,CO,81621,US,2026-06-12T00:00:00.000,GOOD,2018-06-18T00:00:00.000,20181480442,cafe
20261718298,The Orc's Head Tavern,Entity Type,2026-06-12T00:00:00.000,,,,,Hoseason Legacy LLC,1500 N GRANT ST,# 10031,DENVER,CO,80203,US,,,,,,,2026-06-12T00:00:00.000,GOOD,2026-03-19T00:00:00.000,20261328789,tavern
20261718823,Miss Millie's,Entity Type,2026-06-13T00:00:00.000,,,,,Miss Millies Kitchen Catering LLC,9905 E Colfax Ave,,Aurora,CO,80010,US,974 S Jamaica St,,Aurora,CO,80012,US,2026-06-13T00:00:00.000,GOOD,2026-02-04T00:00:00.000,20261153976,"catering, kitchen"
20261719283,"Tacos El Huequito, LLC",Entity Type,2026-06-13T00:00:00.000,,,,,"Tacos El Huequito LLC, Dissolved August 1, 2023",2111 E. 48th Ave.,,Denver,CO,80216,US,,,,,,,2026-06-13T00:00:00.000,VDISS,2015-04-09T00:00:00.000,20151247805,taco
20261721165,Emerald's Dessert Bar,Entity Type,2026-06-14T00:00:00.000,,,,,JATL LLC,4356 Montebello Dr Unit 25344,,Colorado Springs,CO,80936,US,,,,,,,2026-06-14T00:00:00.000,GOOD,2025-10-12T00:00:00.000,20258121174,bar
20261721380,Elevado Kitchen,Entity Type,2026-06-14T00:00:00.000,,,,,Tacos Del Sol 2 Inc,1524 MAIN STREET APT 1,,Longmont,CO,80501,US,,,,,,,2026-06-14T00:00:00.000,GOOD,2026-01-02T00:00:00.000,20261007663,"kitchen, taco"
20261412618,Cafe y mas,Entity Type,2026-06-15T00:00:00.000,,,,,"Mendoza & Espinoza, LLC",5695  N Killarney  Ct,,Aurora,CO,80019,US,,,,,,,2026-06-16T00:00:00.000,GOOD,2026-04-01T00:00:00.000,20261409829,cafe
20261723799,Lumiere Wax & Brow Lounge,Entity Type,2026-06-15T00:00:00.000,,,,,"Reflections, LLC",6401 S Boston St Unit K202,,Greenwood Village,CO,80111,US,,,,,,,2026-06-15T00:00:00.000,GOOD,2021-09-09T00:00:00.000,20211833740,lounge
20261724503,Buzy Bees Kitchen LLC,Entity Type,2026-06-15T00:00:00.000,,,,,BeaEccoFam Ltd.,1130 Holly Street,,Blende (Pueblo County),CO,81006,US,1130 Holly St,,Pueblo,CO,81006,US,2026-06-15T00:00:00.000,GOOD,2017-06-26T00:00:00.000,20171493077,kitchen
20261726799,Vivid Minds Coffee and Tea House,Entity Type,2026-06-16T00:00:00.000,,,,,Vivid Minds Cafe LLC,1545 S Broadway,,Denver,CO,80210,US,,,,,,,2026-06-16T00:00:00.000,GOOD,2025-03-10T00:00:00.000,20251282785,"cafe, coffee, tea house"
20261727190,Bar H Consulting,Entity Type,2026-06-16T00:00:00.000,,,,,Pop Cult Limited,651 N Wildhorse Dr,,New Castle,CO,81647,US,,,,,,,2026-06-16T00:00:00.000,GOOD,2023-05-17T00:00:00.000,20231526436,bar
20261728327,Ridgway Pizza and Tap,Individual,2026-06-16T00:00:00.000,,,,,Star Saloon LLC,373 Palomino Trl,PO BOX 608,Telluride,CO,81435,US,373 Palomino Trl,PO BOX 608,Ridgway,CO,81432,US,2026-06-16T00:00:00.000,,,,"pizza, saloon"
20261728405,Shamrock Foods Company PHX,Individual,2026-06-16T00:00:00.000,Tiffani,,Villalba,,,543 E Rosebud Dr,,San Tan Valley,AZ,85143,US,"2425 E. Camelback Rd, Ste 101,",,Phoenix,AZ,85016,US,2026-06-16T00:00:00.000,,,,foods
20261728848,Fire on the Mountain Buffalo Wings,Entity Type,2026-06-16T00:00:00.000,,,,,Easy Chair LLC,3801 W 32nd Ave,,Denver,CO,80211,US,,,,,,,2026-06-16T00:00:00.000,GOOD,2026-06-16T00:00:00.000,20261728760,wings
20261731077,Story Time Cafe LLC,Entity Type,2026-06-17T00:00:00.000,,,,,"Story Time Cafe, LLC",2421 Redwood Ct,,Longmont,CO,80503,US,,,,,,,2026-06-17T00:00:00.000,GOOD,2010-03-26T00:00:00.000,20101179922,cafe
20261732641,Fancy Fingers Filipino Foods,Individual,2026-06-17T00:00:00.000,Megan,,Double,,,12215 w 52nd Ave,,Wheat Ridge,CO,80033,US,,,,,,,2026-06-17T00:00:00.000,,,,foods
20261736187,3L Bar Ranch,GP,2026-06-18T00:00:00.000,,,,,3L Bar Ranch,8366 Marshalls Rd,,Austin,CO,81410,US,8366 Marshalls Rd,,Austin,CO,81410,US,2026-06-18T00:00:00.000,,,,bar
20261736884,Ciao Babe,Entity Type,2026-06-18T00:00:00.000,,,,,CO Doner Food Concepts LLC,7373 W Grant Ranch BLVD,Apt 2222,Lakewood,CO,80123,US,,,,,,,2026-06-18T00:00:00.000,GOOD,2025-07-15T00:00:00.000,20251774293,food
20261737034,SureHarvest Services,Entity Type,2026-06-18T00:00:00.000,,,,,"Where Food Comes From, Inc.",202 6th St Ste 400,,Castle Rock,CO,80104,US,,,,,,,2026-06-18T00:00:00.000,GOOD,2006-03-20T00:00:00.000,20061119275,food
20261737099,Life After Coffee,Individual,2026-06-18T00:00:00.000,Heather,Jean,Zwirn,,,13591 Sunny Knolls Lane,,Sterling,CO,80751,US,13591 Sunny Knolls Lane,,Sterling,CO,80751,US,2026-06-18T00:00:00.000,,,,coffee
20261737278,Burgeon Coffee,Entity Type,2026-06-18T00:00:00.000,,,,,BREL LLC,5850 Central Ave Unit 538,,Westminster,CO,80031,US,,,,,,,2026-06-18T00:00:00.000,GOOD,2026-02-12T00:00:00.000,20261181087,coffee
20261737680,Cargo Cult,Entity Type,2026-06-18T00:00:00.000,,,,,"Cargo Cult Lounge, LLC",4969 S Sherman St,,Englewood,CO,80113,US,,,,,,,2026-06-18T00:00:00.000,GOOD,2024-05-13T00:00:00.000,20241527369,lounge
20261737694,Causeway Coffee House,Entity Type,2026-06-18T00:00:00.000,,,,,"Porismos, LLC",427 Oak St,,Steamboat Springs,CO,80487,US,PO Box 776281,,Steamboat Springs,CO,80477,US,2026-06-18T00:00:00.000,GOOD,2023-05-24T00:00:00.000,20231560247,coffee
20261737983,Leaf Vegetarian Restaurant,Individual,2026-06-18T00:00:00.000,Lauren,,Rosellini,,,1710 Pearl St,,Boulder,CO,80302,US,,,,,,,2026-06-18T00:00:00.000,,,,restaurant
20261738587,MA CUISINE,Entity Type,2026-06-18T00:00:00.000,,,,,MIRAKU SERVICES LLC,330 N Bersshine Ct,,Watkins,CO,80137,US,,,,,,,2026-06-18T00:00:00.000,GOOD,2025-04-11T00:00:00.000,20251419835,cuisine
20261740287,Pressman Spirits,Entity Type,2026-06-19T00:00:00.000,,,,,Pressman Wines LLC.,1441 W 46th Ave Unit 17,,Denver,CO,80211,US,5142 N Commerce Ave Ste A,,Moorpark,CA,93021,US,2026-06-19T00:00:00.000,GOOD,2020-04-10T00:00:00.000,20201327954,spirits
20261741893,Bread of Life Bookstore and Cottage Foods,Entity Type,2026-06-20T00:00:00.000,,,,,The Coffeeshop LLC,512 E Main St,,Montrose,CO,81401,US,448 S 5th St,,Montrose,CO,81401,US,2026-06-20T00:00:00.000,GOOD,2025-12-04T00:00:00.000,20258326014,foods
20261742612,Krave Pure Foods,Entity Type,2026-06-20T00:00:00.000,,,,,"2BOLD Brands, LLC",2679 W Main St Ste 300,,Littleton,CO,80120,US,PO Box 3262,,Littleton,CO,80161,US,2026-06-20T00:00:00.000,GOOD,2023-02-23T00:00:00.000,20231203387,foods
20261742645,CARIBBEAN GOLD FOODS,Entity Type,2026-06-20T00:00:00.000,,,,,The power cleaning and plus LLC,18965 e Baltic pl 1810,,Aurora,CO,80013,US,,,,,,,2026-06-20T00:00:00.000,GOOD,2025-09-23T00:00:00.000,20258045362,foods
20261742969,Dude Line by 2R Bar,Entity Type,2026-06-21T00:00:00.000,,,,,2 R BAR LLC,1088 Meadow Ln,,Florissant,CO,80816,US,,,,,,,2026-06-21T00:00:00.000,GOOD,2023-09-04T00:00:00.000,20231927084,bar
20261745326,LIQUOR CABINET WINE AND SPIRITS,Entity Type,2026-06-22T00:00:00.000,,,,,CABINET BUSINESS LLC,2130 W 10th Ave Apt 107,,Broomfield,CO,80020,US,,,,,,,2026-06-22T00:00:00.000,GOOD,2026-06-19T00:00:00.000,20261740142,spirits
20261746072,H&H Bagels,Entity Type,2026-06-22T00:00:00.000,,,,,"Happy & Healthy Bagels, LLC",7858 Raphael Ln,,Littleton,CO,80125,US,,,,,,,2026-06-22T00:00:00.000,GOOD,2026-06-22T00:00:00.000,20261745768,bagel
20261747502,Blue's Grill,Individual,2026-06-22T00:00:00.000,Jonathon,,Kilgore,,,403 Bear Creek Ave,,Morrison,CO,80465,US,5801 S Parfet St,,Littleton,CO,80127,US,2026-06-22T00:00:00.000,,,,grill
20261748562,Olde Town Guild,Entity Type,2026-06-22T00:00:00.000,,,,,Guild Cafe LLC,1209 Washington Ave,,Golden,CO,80401,US,,,,,,,2026-06-22T00:00:00.000,GOOD,2021-02-01T00:00:00.000,20211116068,cafe
20261753272,Hot Java Express,Entity Type,2026-06-23T00:00:00.000,,,,,"Colorado's Best Coffee, LLC",13346 County Road 370,,Sterling,CO,80751,US,,,,,,,2026-06-23T00:00:00.000,GOOD,2026-06-01T00:00:00.000,20261666148,coffee
20261755010,Loly's cafe,Entity Type,2026-06-23T00:00:00.000,,,,,Lulala LLC,14903 E 51st Pl,,Denver,CO,80239,US,,,,,,,2026-06-23T00:00:00.000,GOOD,2024-12-27T00:00:00.000,20248385743,cafe
20261755517,Poor Richard's Restaurant,Entity Type,2026-06-23T00:00:00.000,,,,,Poor Richards Commons Corp.,320 N Tejon St,,Colorado Springs,CO,80903,US,,,,,,,2026-06-23T00:00:00.000,GOOD,2026-02-17T00:00:00.000,20261186834,restaurant
20261756068,Rico's Cafe and Wine Bar,Entity Type,2026-06-23T00:00:00.000,,,,,Poor Richards Commons Corp.,320 N Tejon St,,Colorado Springs,CO,80903,US,,,,,,,2026-06-23T00:00:00.000,GOOD,2026-02-17T00:00:00.000,20261186834,"cafe, wine bar"
20261761791,Black Box Cafe,Entity Type,2026-06-23T00:00:00.000,,,,,Black Box Bakery LLC,5505 W 20th Ave Ste 182,,Edgewater,CO,80214,US,,,,,,,2026-06-23T00:00:00.000,GOOD,2019-09-20T00:00:00.000,20191747951,"bakery, cafe"
20261763725,JP Cosina-Cantina,Entity Type,2026-06-23T00:00:00.000,,,,,JP Sports Bar LLC,11160 S Pikes Peak Dr,,Parker,CO,80138,US,,,,,,,2026-06-23T00:00:00.000,GOOD,2026-06-02T00:00:00.000,20261679323,"bar, cantina"
20261766759,Bellas Bagels & Bistro,Entity Type,2026-06-24T00:00:00.000,,,,,Bellas Bagels 2 LLC,100 E Cheyenne Rd Ste 130,,Colorado Springs,CO,80906,US,10395 Rifle Falls Way,,Colorado Springs,CO,80924,US,2026-06-24T00:00:00.000,GOOD,2026-04-20T00:00:00.000,20261468652,"bagel, bistro"
20261772334,Grey Duck Coffee,Entity Type,2026-06-24T00:00:00.000,,,,,Grey Duck Hospitality LLC,140 S Wilcox St Ste B,,Castle Rock,CO,80104,US,,,,,,,2026-06-24T00:00:00.000,GOOD,2026-06-16T00:00:00.000,20261726825,coffee
20261773728,The Bubble Bar,Individual,2026-06-24T00:00:00.000,Desiree,Faith,Martinez-Lindsey,,,7336 Brush Hollow Drive,,Fountian,CO,80817,US,7336 Brush Hollow Drive,,Fountain,CO,80817,US,2026-06-24T00:00:00.000,,,,bar
20261774642,Golden Eagle Gas and Food,Entity Type,2026-06-24T00:00:00.000,,,,,Chris Chew LLC,17198 S Golden Rd,,Golden,CO,80401,US,,,,,,,2026-06-24T00:00:00.000,GOOD,2009-07-21T00:00:00.000,20091386592,food
20261775194,AC Winery Consulting,Entity Type,2026-06-24T00:00:00.000,,,,,C&H Ventures LLC,10789 3200 Rd,,Hotchkiss,CO,81419,US,PO Box 593,,Hotchkiss,CO,81419,US,2026-06-24T00:00:00.000,GOOD,2021-04-15T00:00:00.000,20211360523,winery
20261775342,Egg Harbor Cafe,Entity Type,2026-06-24T00:00:00.000,,,,,"Belleview Station Egg Harbor, LLC",7222 E Layton Ave Ste 160,,Denver,CO,80237,US,2201 Waukegan Rd Ste 255,,Bannockburn,IL,60015,US,2026-06-24T00:00:00.000,GOOD,2025-07-10T00:00:00.000,20251763027,cafe
20261776491,DRAGONFLY LIQUORS,Entity Type,2026-06-24T00:00:00.000,,,,,DRAGONFLY SPIRITS COMPANY,251 W 64TH ST,,LOVELAND,CO,80538,US,,,,,,,2026-06-24T00:00:00.000,GOOD,2026-06-24T00:00:00.000,20261775989,spirits
20261776970,Organic Roots Ranch,Entity Type,2026-06-24T00:00:00.000,,,,,Organic Roots Catering LLC,543 E South Boulder Rd,,Louisville,CO,80027,US,1103 Adams Ave,,Louisville,CO,80027,US,2026-06-24T00:00:00.000,GOOD,2013-10-29T00:00:00.000,20131627323,catering
20261781855,Pops and Yaya's Bakery,Entity Type,2026-06-25T00:00:00.000,,,,,Stella Service LLC,547 English Sparrow Trl,,Highlands Ranch,CO,80129,US,,,,,,,2026-06-25T00:00:00.000,GOOD,2026-05-19T00:00:00.000,20261594720,bakery
20261785691,FireRoot Kitchen,Entity Type,2026-06-25T00:00:00.000,,,,,SoulFire Group LLC,110 Second Street,,Placerville,CO,81430,US,,,,,,,2026-06-25T00:00:00.000,GOOD,2025-12-02T00:00:00.000,20258315908,kitchen
20261788375,SereniTea Spa & Tea Lounge,Entity Type,2026-06-26T00:00:00.000,,,,,MU TAO COLORADO LLC,9447 Park Meadows Dr Unit C,,Lone Tree,CO,80124,US,7322 Iron Oak Ave,,Las Vegas,NV,89113,US,2026-06-26T00:00:00.000,GOOD,2024-09-16T00:00:00.000,20241967400,lounge
20261791082,Bolder Foods,Entity Type,2026-06-26T00:00:00.000,,,,,"The Honest Stand, Ltd.",6363 Horizon Ln,,Niwot,CO,80503,US,,,,,,,2026-06-26T00:00:00.000,GOOD,2014-08-14T00:00:00.000,20141493099,foods
20261791139,5280 BEAUTY BAR,Entity Type,2026-06-26T00:00:00.000,,,,,LV Nails LLC,9580 Ridgegate Pkwy Ste B,,Lone Tree,CO,80124,US,,,,,,,2026-06-26T00:00:00.000,GOOD,2026-06-25T00:00:00.000,20261787691,bar
20261791715,Swainz Burgers and Moore,Entity Type,2026-06-26T00:00:00.000,,,,,Swain Visionz LLC,4900 Worchester St,,Denver,CO,80239,US,,,,,,,2026-06-26T00:00:00.000,GOOD,2023-01-25T00:00:00.000,20231106316,burger
20261794023,Berries Basket Cafe,Entity Type,2026-06-26T00:00:00.000,,,,,Berries Group LLC,4925 Academy Blvd,,Colorado Springs,CO,80918,US,1500 N Grant St,Ste N,Denver,CO,80203,US,2026-06-26T00:00:00.000,GOOD,2026-01-26T00:00:00.000,20261107677,cafe
20261796546,Bar 3 Hat Ranch,Individual,2026-06-28T00:00:00.000,Terrance,,Marcum,,,139 N Penstemon Ln,,Eagle,CO,81631,US,PO Box 866,,Edwards,CO,81632,US,2026-06-28T00:00:00.000,,,,bar
20261797156,BoldMark Group,Entity Type,2026-06-28T00:00:00.000,,,,,Rocky & Andes Coffee LLC,3440 S Platte River Dr Apt 6105,,Englewood,CO,80110,US,,,,,,,2026-06-28T00:00:00.000,GOOD,2026-04-01T00:00:00.000,20261411274,coffee
20261797805,Three Roots Creamery,Individual,2026-06-28T00:00:00.000,Jennifer,,Pontius,,,331 Royal Gorge Blvd,Ste E,Canon City,CO,81212,US,,,,,,,2026-06-28T00:00:00.000,,,,creamery
20261797819,Mav's Bakery,Individual,2026-06-28T00:00:00.000,Abygail,Nicole,Allen,,,"14892 Galapago St, Apt 102",,Westminster,CO,80023,US,"14892 Galapago St, Apt 102",,Westminster,CO,80023,US,2026-06-28T00:00:00.000,,,,bakery
20261797865,R and J Bakery,Entity Type,2026-06-28T00:00:00.000,,,,,R and J Baked Goods LLC,27030 E Maple Ave,,Aurora,CO,80018,US,,,,,,,2026-06-28T00:00:00.000,GOOD,2026-06-28T00:00:00.000,20261797839,bakery
20261798329,Hawg Food Fire Grill,Individual,2026-06-28T00:00:00.000,,,,,Tweety Investments LLC,3094 Price Ditch Ct,,Grand Junction,CO,81504,US,3094 Price Ditch Ct,,Grand Junction,CO,81504,US,2026-06-28T00:00:00.000,,,,"food, grill"
20261731023,Japan Van Coffee,Individual,2026-06-29T00:00:00.000,Christopher,David Patrick,Hindman,,,14490 FM 306,,Canyon Lake,TX,78133,US,14490 FM 306,,Canyon Lake,TX,78133,US,2026-06-30T00:00:00.000,,,,coffee
20261799332,Travelin' Tom's Coffee of Thornton & Westminster,Entity Type,2026-06-29T00:00:00.000,,,,,MSD Ventures LLC,14264 Hudson Way,,Thornton,CO,80602,US,,,,,,,2026-06-29T00:00:00.000,GOOD,2026-06-10T00:00:00.000,20261707435,coffee
20261800439,Volcan Coffee,Entity Type,2026-06-29T00:00:00.000,,,,,Coffee Culture Craft LLC,8689 E Wesley Dr,,Denver,CO,80231,US,,,,,,,2026-06-29T00:00:00.000,GOOD,2023-09-19T00:00:00.000,20231963580,coffee
20261801227,dba Maui Wowi Smoothies,Entity Type,2026-06-29T00:00:00.000,,,,,JL ENTERPRISES INC,7580 S Duquesne Ct,,Aurora,CO,80016,US,,,,,,,2026-06-29T00:00:00.000,GOOD,2023-10-06T00:00:00.000,20238068439,smoothie
20261803790,Aidas Balkan Grill,Individual,2026-06-29T00:00:00.000,Harris,,Kazic,,,11157 House Finch,,Colorado Springs,CO,80925,US,,,,,,,2026-06-29T00:00:00.000,,,,grill
20261805343,Ziggi's Coffee - East Dublin,Entity Type,2026-06-30T00:00:00.000,,,,,Rachels LLC,4680 W Mineral Ave Apt 307,,Littleton,CO,80128,US,,,,,,,2026-06-30T00:00:00.000,GOOD,2025-10-23T00:00:00.000,20258154916,coffee
20261805363,Ziggi's Coffee - Chapel Hills,Entity Type,2026-06-30T00:00:00.000,,,,,Rachels LLC,4680 W Mineral Ave Apt 307,,Littleton,CO,80128,US,,,,,,,2026-06-30T00:00:00.000,GOOD,2025-10-23T00:00:00.000,20258154916,coffee
20261806433,LifeForce Foods,Entity Type,2026-06-30T00:00:00.000,,,,,"Astec, Ltd.",4350 Grape St,,Denver,CO,80216,US,16748 Foxwood Ln,,Morrison,CO,80465,US,2026-06-30T00:00:00.000,GOOD,2009-08-21T00:00:00.000,20091447440,foods
20261806652,Ron's ice cream LLC,Entity Type,2026-06-30T00:00:00.000,,,,,Ron's Ice Cream LLC,2011 E Unita St,,Colorado Springs,CO,80909,US,,,,,,,2026-06-30T00:00:00.000,DQ,2025-04-21T00:00:00.000,20251442935,ice cream
20261806750,Chef Danes Hospitality,Entity Type,2026-06-30T00:00:00.000,,,,,Chef Danes Kitchen,4897 Oakland St,,Denver,CO,80239,US,4071 S Holly St,,Englewood,CO,80111,US,2026-06-30T00:00:00.000,GOOD,2020-11-13T00:00:00.000,20201974705,kitchen
20261808006,Newland Coffee Imports,Entity Type,2026-06-30T00:00:00.000,,,,,"The Newland Company, LLC",23 S Kalamath St,Suite 100,Denver,CO,80223,US,,,,,,,2026-06-30T00:00:00.000,GOOD,2026-06-25T00:00:00.000,20261783158,coffee
20261808854,Sugar Cube Bakery,Individual,2026-06-30T00:00:00.000,Elezabeth,,Perez,,,11384 Neutra Grv,,Peyton,CO,80831,US,,,,,,,2026-06-30T00:00:00.000,,,,bakery
20261809342,SANTANA'S CANTINA BAR,Entity Type,2026-06-30T00:00:00.000,,,,,Santana's Cantina LLC,2598 S Broadway,,Denver,CO,80210,US,3570 W Union Ave,,Englewood,CO,80110,US,2026-06-30T00:00:00.000,GOOD,2026-05-27T00:00:00.000,20261641731,"bar, cantina"
20261809347,HARAR COFFEE,Entity Type,2026-06-30T00:00:00.000,,,,,Abay Inc.,16251 E Colfax Ave Ste 111,,Aurora,CO,80011,US,,,,,,,2026-06-30T00:00:00.000,GOOD,2021-09-30T00:00:00.000,20211910841,coffee
20261809805,Chivo Salvadoran Eats,Entity Type,2026-06-30T00:00:00.000,,,,,"Chivo Restaurants, LLC.",885 Stagecoach Dr,,Lochbuie,CO,80603,US,,,,,,,2026-06-30T00:00:00.000,GOOD,2023-08-17T00:00:00.000,20231849276,"eats, restaurant"
20261814753,Renzios Greek Food,Entity Type,2026-07-01T00:00:00.000,,,,,"RENZIOS, INC.",8933 EAST UNION AVE,SUITE A,GREENWOOD VILLAGE,CO,80111,US,,,,,,,2026-07-01T00:00:00.000,GOOD,1986-12-19T00:00:00.000,19871701818,food
20261817866,Duke's Meats,Entity Type,2026-07-01T00:00:00.000,,,,,"ConAgra Foods Sales, LLC",222 MERCHANDISE MART PLAZA,,CHICAGO,IL,60654,US,"ELEVEN CONAGRA DRIVE, 11-360",,OMAHA,NE,68102,US,2026-07-01T00:00:00.000,GOOD,2007-05-28T00:00:00.000,20071249688,foods
20261817899,Sweetwood Smokehouse,Entity Type,2026-07-01T00:00:00.000,,,,,"ConAgra Foods Sales, LLC",222 MERCHANDISE MART PLAZA,,CHICAGO,IL,60654,US,"ELEVEN CONAGRA DRIVE, 11-360",,OMAHA,NE,68102,US,2026-07-01T00:00:00.000,GOOD,2007-05-28T00:00:00.000,20071249688,"foods, smokehouse"
20261817969,Angie's Artisan Treats,Entity Type,2026-07-01T00:00:00.000,,,,,"ConAgra Foods Sales, LLC",222 MERCHANDISE MART PLAZA,,CHICAGO,IL,60654,US,"ELEVEN CONAGRA DRIVE, 11-360",,OMAHA,NE,68102,US,2026-07-01T00:00:00.000,GOOD,2007-05-28T00:00:00.000,20071249688,foods
20261818086,Pastatively Foods,Entity Type,2026-07-01T00:00:00.000,,,,,Pastatively Inc.,94 Market St Unit 104,,Eagle,CO,81631,US,PO Box 4468,,Eagle,CO,81631,US,2026-07-01T00:00:00.000,GOOD,2004-07-21T00:00:00.000,20041256553,foods
20261819858,BASALT TOWN,Entity Type,2026-07-02T00:00:00.000,,,,,"El Taco Express, LLC",51783 Highway 6,,Glenwood Springs,CO,81601,US,1621 Lower River Rd,,Snowmass,CO,81654,US,2026-07-02T00:00:00.000,GOOD,2018-01-16T00:00:00.000,20181040216,taco
20261821708,Jin's Asian Bistro,Entity Type,2026-07-02T00:00:00.000,,,,,VICTORS FUSION KITCHEN INC,1014 Colorado Ave,,Glenwood Springs,CO,81601,US,,,,,,,2026-07-02T00:00:00.000,GOOD,2026-04-20T00:00:00.000,20261471047,"bistro, kitchen"
20261824410,Dubai Grill,Entity Type,2026-07-03T00:00:00.000,,,,,Amnah foods LLc,2300 S Parker Rd,,Denver,CO,80231,US,,,,,,,2026-07-03T00:00:00.000,GOOD,2026-07-03T00:00:00.000,20261824372,"foods, grill"
20261826273,Miners Creek Coffee,Entity Type,2026-07-04T00:00:00.000,,,,,"Ski Original, LLC",2715 Walkaloosa Way,,Fort Collins,CO,80525,US,,,,,,,2026-07-04T00:00:00.000,GOOD,2023-01-03T00:00:00.000,20231011559,coffee
20261826352,Denver International Beer Competition,GP,2026-07-04T00:00:00.000,Kyle,,Dobbins,,,630 Utica Street,,Denver,CO,80204,US,630 Utica Street,,Denver,CO,80204,US,2026-07-04T00:00:00.000,,,,beer
20261826468,Den Thai Street,Entity Type,2026-07-04T00:00:00.000,,,,,Dior Restaurants LLC,1604 E 24th Ave,,Denver,CO,80205,US,,,,,,,2026-07-04T00:00:00.000,GOOD,2026-07-04T00:00:00.000,20261826458,restaurant
20261826645,Den Thai Street,Entity Type,2026-07-04T00:00:00.000,,,,,Dior Dining LLC,1604 E 24th Ave,,Denver,CO,80205,US,,,,,,,2026-07-04T00:00:00.000,GOOD,2026-07-04T00:00:00.000,20261826640,dining
20261826938,Diamond Bar Boutique,Individual,2026-07-05T00:00:00.000,Rene,,Bergemann,,,8109 Cayuse Ct,,COLO CITY,CO,81019,US,P O Box 19211,,COLO CITY,CO,81019,US,2026-07-05T00:00:00.000,,,,bar
20261827631,Flour House Bakery LLC,Individual,2026-07-05T00:00:00.000,Benita,L,Jackson,,,13323 Jersey St,,Thornton,CO,80602,US,3879 E 120TH AVE,#135,Denver,CO,80223,US,2026-07-05T00:00:00.000,,,,bakery
20261831261,QuoteMe,Entity Type,2026-07-07T00:00:00.000,,,,,Find Better Food Inc.,6225 Devinney Cir,,Arvada,CO,80004,US,,,,,,,2026-07-07T00:00:00.000,GOOD,2014-12-26T00:00:00.000,20141784103,food
20261831460,Timeless Harvest,Entity Type,2026-07-07T00:00:00.000,,,,,"JoliElf Kitchens, LLC",9716 Deerfield Rd,,Franktown,CO,80116,US,,,,,,,2026-07-07T00:00:00.000,GOOD,2026-07-01T00:00:00.000,20261548255,kitchen
20261832027,Firefly Pizzeria,Entity Type,2026-07-07T00:00:00.000,,,,,Firefly Pizzeria LLC,824 Grand Ave.,Suite 3,Grand Lake,CO,80447,US,PO Box 1140,,Grand Lake,CO,80447,US,2026-07-07T00:00:00.000,GOOD,2022-04-11T00:00:00.000,20221369777,pizzeria
20261832165,Springs Cabinets,Entity Type,2026-07-07T00:00:00.000,,,,,"Twin Leaf Kitchens & Interiors, Inc.",4466 Barnes Rd,,Colorado Springs,CO,80917,US,,,,,,,2026-07-07T00:00:00.000,GOOD,2024-06-20T00:00:00.000,20241650244,kitchen
20261832895,The Homestead,Entity Type,2026-07-07T00:00:00.000,,,,,Homestead Kitchen LLC,406 E Highway 50,,Avondale,CO,81122,US,435 Avondale Blvd,,Avondale,CO,81022,US,2026-07-07T00:00:00.000,GOOD,2026-07-07T00:00:00.000,20261832774,kitchen
20261832920,Taco Stop Abriendo,Entity Type,2026-07-07T00:00:00.000,,,,,MHSB Investments LLC,363 W Birdie Dr,,Pueblo West,CO,81007,US,,,,,,,2026-07-07T00:00:00.000,GOOD,2026-07-07T00:00:00.000,20261832863,taco
20261834108,My Kitchen Lore,Entity Type,2026-07-07T00:00:00.000,,,,,Shed Skin & Massage Llc,679 W Littleton Blvd Ste 106,,Littleton,CO,80120,US,9550 E Florida Ave Unit 2014,,Denver,CO,80247,US,2026-07-07T00:00:00.000,GOOD,2015-07-14T00:00:00.000,20151325635,kitchen
20261834672,Sinbad Middle Eastern Restaurant,Entity Type,2026-07-07T00:00:00.000,,,,,MAZA RESTAURANT LLC,270 S Downing St,,Denver,CO,80209,US,,,,,,,2026-07-07T00:00:00.000,GOOD,2026-07-06T00:00:00.000,20261829336,restaurant
20261835946,Hinman's Bakery,Entity Type,2026-07-08T00:00:00.000,,,,,"Mylo Presents, LLC",12858 W Adriatic Ave,,Lakewood,CO,80228,US,,,,,,,2026-07-08T00:00:00.000,GOOD,2024-05-31T00:00:00.000,20241600541,bakery
20261836762,Serranos Burgers and more,Entity Type,2026-07-08T00:00:00.000,,,,,LA PACHE PACHE LLC,18 Davis St,,Monte Vista,CO,81144,US,,,,,,,2026-07-08T00:00:00.000,GOOD,2024-05-28T00:00:00.000,20241584855,burger
20261837378,The Sacred Bean Espresso Bar,Individual,2026-07-08T00:00:00.000,Victoria,,Stone,,,209 South Union Avenue,,Pueblo,CO,81003,US,1220 West Abriendo Avenue,,Pueblo,CO,81004,US,2026-07-08T00:00:00.000,,,,"bar, espresso"
20261837875,Elegant Bakery,Entity Type,2026-07-08T00:00:00.000,,,,,The Pickle Jar LLC,3278 S Wadsworth Blvd Unit 3,,Lakewood,CO,80227,US,1046 Knox Ct,,Denver,CO,80204,US,2026-07-08T00:00:00.000,GOOD,2026-05-26T00:00:00.000,20261636004,bakery
20261838239,Casa Azul Tamales,Entity Type,2026-07-08T00:00:00.000,,,,,Charlys Omni Services L.L.C.,1654 Arabian Ave,,Rifle,CO,81650,US,,,,,,,2026-07-08T00:00:00.000,GOOD,2026-07-08T00:00:00.000,20261835967,tamale
20261838433,DOX BOX BAKERY,Entity Type,2026-07-08T00:00:00.000,,,,,Cookieland LLC,12979 W Burgundy Dr,,Littleton,CO,80127,US,,,,,,,2026-07-08T00:00:00.000,GOOD,2025-09-12T00:00:00.000,20258010527,bakery
20261838793,Aozoraya Blue Sky Kitchen,Entity Type,2026-07-08T00:00:00.000,,,,,Aka-Oni Holdings LLC,1500 N Grant St Ste R,,Denver,CO,80203,US,,,,,,,2026-07-08T00:00:00.000,GOOD,2026-07-02T00:00:00.000,20261822719,kitchen
20261840127,Ondo Coffee,Entity Type,2026-07-09T00:00:00.000,,,,,Second JSCLUB Inc,5740 N Carefree Cir Ste 120,,Colorado Springs,CO,80917,US,5740 N Carefree Cir Ste 200,,Colorado Springs,CO,80917,US,2026-07-09T00:00:00.000,GOOD,2026-07-09T00:00:00.000,20261840090,coffee
20261840596,Stoked,Entity Type,2026-07-09T00:00:00.000,,,,,"Durango Restaurant Company, LLC",640 Main Avenue,,Durango,CO,81301,US,47 Spruce Ct,,Durango,CO,81301,US,2026-07-09T00:00:00.000,GOOD,2025-05-06T00:00:00.000,20251526424,restaurant
20261841362,GLASSI & HELLFIRE RESTAURANT,Entity Type,2026-07-09T00:00:00.000,,,,,GLASSI INC,1204 N Colorado Ave,,Brush,CO,80723,US,,,,,,,2026-07-09T00:00:00.000,GOOD,2022-12-27T00:00:00.000,20228268876,restaurant
20261841476,The Skin & Injection Lounge,Entity Type,2026-07-09T00:00:00.000,,,,,STUDIO M SKIN LOUNGE LLC.,1363 S Garfield Ave,,Loveland,CO,80537,US,3321 Apple Ave,,Loveland,CO,80538,US,2026-07-09T00:00:00.000,GOOD,2023-04-18T00:00:00.000,20231416282,lounge
20261841500,LIP OBSESSION,Entity Type,2026-07-09T00:00:00.000,,,,,STUDIO M SKIN LOUNGE LLC.,1363 S Garfield Ave,,Loveland,CO,80537,US,3321 Apple Ave,,Loveland,CO,80538,US,2026-07-09T00:00:00.000,GOOD,2023-04-18T00:00:00.000,20231416282,lounge
20261842202,MORRISON HOLIDAY BAR,Entity Type,2026-07-09T00:00:00.000,,,,,"DYK, INC.",10790 W Iliff Ave,,Lakewood,CO,80227,US,,,,,,,2026-07-09T00:00:00.000,GOOD,2006-07-20T00:00:00.000,20061296537,bar
20261843256,Knee on Belly Coffee,Individual,2026-07-10T00:00:00.000,Jason,Michael,Gillan,,,8965 Jellison Ct,,Broomfield,CO,80021,US,8965 Jellison Ct,,Broomfield,CO,80021,US,2026-07-10T00:00:00.000,,,,coffee
20261843632,PENAS KITCHEN,Entity Type,2026-07-10T00:00:00.000,,,,,Pena's Kitchen Limited Liability Company,17151 E Louisiana Dr,,Aurora,CO,80017,US,,,,,,,2026-07-10T00:00:00.000,GOOD,2024-08-29T00:00:00.000,20241918873,kitchen
20261843807,Ember Coffee,Entity Type,2026-07-10T00:00:00.000,,,,,EMBER COFFEE LLC,110 16th St Ste 1460,,Denver,CO,80202,US,,,,,,,2026-07-10T00:00:00.000,GOOD,2026-07-10T00:00:00.000,20261843779,coffee
20261844295,Pho Dragon,Entity Type,2026-07-10T00:00:00.000,,,,,PRG Entity A LLC,7941 Ferncliff Dr,,Colorado Springs,CO,80920,US,,,,,,,2026-07-10T00:00:00.000,GOOD,2026-07-10T00:00:00.000,20261844238,pho
20261845219,Hey Sunshine Bakery,Individual,2026-07-10T00:00:00.000,Makaiden,,Pace,,,517 Beattie St,,Sterling,CO,80751,US,517 Beattie St,,Sterling,CO,80751,US,2026-07-10T00:00:00.000,,,,bakery
20261846352,Dorseys  Catering,Entity Type,2026-07-11T00:00:00.000,,,,,Dorseys Catering llc,1100 E 18th Ave,,Denver,CO,80218,US,2967 S Walden Way,,Aurora,CO,80013,US,2026-07-11T00:00:00.000,GOOD,2018-06-12T00:00:00.000,20181470647,catering
20261846474,Little Warrior Coffee,Entity Type,2026-07-12T00:00:00.000,,,,,Little Warrior Enterprises LLC,1500 N Grant St,Ste N,Denver,CO,80203,US,1500 N Grant St,Ste N,Denver,CO,80203,US,2026-07-12T00:00:00.000,GOOD,2026-07-11T00:00:00.000,20261845555,coffee
20261849261,SKIN OBSESSION,Entity Type,2026-07-13T00:00:00.000,,,,,STUDIO M SKIN LOUNGE LLC.,1363 S Garfield Ave,,Loveland,CO,80537,US,3321 Apple Ave,,Loveland,CO,80538,US,2026-07-13T00:00:00.000,GOOD,2023-04-18T00:00:00.000,20231416282,lounge
20261849274,LIP OBSESSION,Entity Type,2026-07-13T00:00:00.000,,,,,STUDIO M SKIN LOUNGE LLC.,1363 S Garfield Ave,,Loveland,CO,80537,US,3321 Apple Ave,,Loveland,CO,80538,US,2026-07-13T00:00:00.000,GOOD,2023-04-18T00:00:00.000,20231416282,lounge
20261850941,Fruitilicious Bakery,Individual,2026-07-13T00:00:00.000,Fruitful,,Kebbie,,,9999 E Yale Ave,B211,Denver,CO,80231,US,9999 E Yale Ave,B211,Denver,CO,80231,US,2026-07-13T00:00:00.000,,,,bakery
20261851016,Powderhound Pizzas,Individual,2026-07-13T00:00:00.000,Jeremy,,Armstrong,,,615 Teocalli Ave,,Crested Butte,CO,81224,US,po box 4188,,Crested Butte,CO,81224,US,2026-07-13T00:00:00.000,,,,pizza
20261852910,The Luxe Lounge,Entity Type,2026-07-14T00:00:00.000,,,,,STUDIO M SKIN LOUNGE LLC.,1363 S Garfield Ave,,Loveland,CO,80537,US,3321 Apple Ave,,Loveland,CO,80538,US,2026-07-14T00:00:00.000,GOOD,2023-04-18T00:00:00.000,20231416282,lounge
20261852927,Luxe Lounge,Entity Type,2026-07-14T00:00:00.000,,,,,STUDIO M SKIN LOUNGE LLC.,1363 S Garfield Ave,,Loveland,CO,80537,US,3321 Apple Ave,,Loveland,CO,80538,US,2026-07-14T00:00:00.000,GOOD,2023-04-18T00:00:00.000,20231416282,lounge
20261853676,Uncle Winkey BBQ,Entity Type,2026-07-14T00:00:00.000,,,,,Johnson &Davis Industry LLC,4400 N Elizabeth St,130,Pueblo,CO,81008-2095,US,4400 N Elizabeth St,130,Pueblo,CO,81008-2095,US,2026-07-14T00:00:00.000,GOOD,2026-07-14T00:00:00.000,20261851838,bbq
20261854265,Little Hands Bakery,Individual,2026-07-14T00:00:00.000,Zoey,,Barrett,,,12501 County Road H,,Ordway,CO,81063,US,12501 County Road H,,Ordway,CO,81063,US,2026-07-14T00:00:00.000,,,,bakery
20261854411,HIMALAYAN GARDEN,Entity Type,2026-07-14T00:00:00.000,,,,,HIMALAYAN CUISINE INC,115 6th St,,Glenwood Springs,CO,81601,US,,,,,,,2026-07-14T00:00:00.000,GOOD,2023-12-25T00:00:00.000,20238330006,cuisine
20261855876,THE LUX LOUNGE,Entity Type,2026-07-14T00:00:00.000,,,,,STUDIO M SKIN LOUNGE LLC.,1363 S Garfield Ave,,Loveland,CO,80537,US,3321 Apple Ave,,Loveland,CO,80538,US,2026-07-14T00:00:00.000,GOOD,2023-04-18T00:00:00.000,20231416282,lounge
20261855878,LUX LOUNGE,Entity Type,2026-07-14T00:00:00.000,,,,,STUDIO M SKIN LOUNGE LLC.,1363 S Garfield Ave,,Loveland,CO,80537,US,3321 Apple Ave,,Loveland,CO,80538,US,2026-07-14T00:00:00.000,GOOD,2023-04-18T00:00:00.000,20231416282,lounge
20261855882,LA MORENA FAMILY RESTAURANT 4,Entity Type,2026-07-14T00:00:00.000,,,,,LA MORENA FAMILY BROADWAY LLC,200 W. BELLEVIEW AVENUE,UNIT 100,ENGLEWOOD,CO,80110,US,,,,,,,2026-07-14T00:00:00.000,GOOD,2026-06-12T00:00:00.000,20261717949,restaurant
20261855951,My 7 day kitchen,Individual,2026-07-14T00:00:00.000,Micheal,Wayne,Parks,,,8432 Jesse Evans Dr,,Colorado Springs,CO,80908,US,8432 Jesse Evans Dr,,Colorado Springs,CO,80908,US,2026-07-14T00:00:00.000,,,,kitchen
20261857081,The Boil Daddy,Entity Type,2026-07-15T00:00:00.000,,,,,KESHAR FOODS LLC,1622 BROADWAY,ste B,BOULDER,CO,80302,US,1942 Marlowe Cir W,,Erie,CO,80516,US,2026-07-15T00:00:00.000,GOOD,2024-06-04T00:00:00.000,20241615877,foods
20261857170,THE FLAMING GRILL,Entity Type,2026-07-15T00:00:00.000,,,,,FUSION TFG INC,891 14th St Unit 100,,Denver,CO,80202,US,,,,,,,2026-07-15T00:00:00.000,GOOD,2026-07-15T00:00:00.000,20261857145,grill
20261857189,Built Different Coffee Co,Entity Type,2026-07-15T00:00:00.000,,,,,Built Different Brands LLC,3020 West Prentice Avenue,Unit I,Littleton,CO,80123,US,3020 West Prentice Avenue,Unit I,Littleton,CO,80123,US,2026-07-15T00:00:00.000,GOOD,2026-07-15T00:00:00.000,20261856395,coffee
20261857274,Vely J's Tacos,Individual,2026-07-15T00:00:00.000,Delfina,,Javalera,,,9850 Federal Blvd Lot #29,,Federal Heights,CO,80260,US,9850 Federal  Blvd Lot #29,,Federal Heights,CO,80260,US,2026-07-15T00:00:00.000,,,,taco
20261858173,Willow Street Beauty Lounge,Individual,2026-07-15T00:00:00.000,Elizabeth,J,Anderson,,,9547 E. Iliff Ave,,Denver,CO,80231,US,9547 E. Iliff Ave,,Denver,CO,80231,US,2026-07-15T00:00:00.000,,,,lounge
20261861566,THE LUX LOUNGE CO,Entity Type,2026-07-16T00:00:00.000,,,,,STUDIO M SKIN LOUNGE LLC.,1363 S Garfield Ave,,Loveland,CO,80537,US,3321 Apple Ave,,Loveland,CO,80538,US,2026-07-16T00:00:00.000,GOOD,2023-04-18T00:00:00.000,20231416282,lounge
20261861575,THE LUXE LOUNGE CO,Entity Type,2026-07-16T00:00:00.000,,,,,STUDIO M SKIN LOUNGE LLC.,1363 S Garfield Ave,,Loveland,CO,80537,US,3321 Apple Ave,,Loveland,CO,80538,US,2026-07-16T00:00:00.000,GOOD,2023-04-18T00:00:00.000,20231416282,lounge
20261863865,Elevated Pantry,Entity Type,2026-07-17T00:00:00.000,,,,,"Elevated Cuisine, LLC",316 E 4th st,#655,Oak Creek,CO,80467,US,PO Box 655,,Oak Creek,CO,80467,US,2026-07-17T00:00:00.000,GOOD,2021-12-06T00:00:00.000,20218149237,cuisine
20261864156,The Wedding Match Co,Entity Type,2026-07-17T00:00:00.000,,,,,"Rubbed n' Tugged Barbecue, Inc",3400 Industrial Ln Unit 11C,,Broomfield,CO,80020,US,3400 Industrial Ln Unit 11C,,Broomfield,CO,80020,US,2026-07-17T00:00:00.000,GOOD,2017-04-18T00:00:00.000,20171293249,barbecue
20261864912,Pagosa Springs Ice Cream Company,Individual,2026-07-17T00:00:00.000,Christi,,Jacinth,,,213 Snow Bird Lane,,Pagosa Springs,CO,81147,US,PO Box 3766,,Pagosa Springs,CO,81147,US,2026-07-17T00:00:00.000,,,,ice cream
20261864949,High Country Foods,Entity Type,2026-07-17T00:00:00.000,,,,,"Keystone Holdings Management, LLC",21340 Martingale Ln,,Parker,CO,80138,US,,,,,,,2026-07-17T00:00:00.000,GOOD,2025-10-14T00:00:00.000,20258124780,foods
20261865067,The Rolling Kitchen,Individual,2026-07-17T00:00:00.000,ANDY,JOHN,ARTZER,,,16417 AVALANCHE RUN,,bROOMFIELD,CO,80023,US,16417 AVALANCHE RUN,,BROOMFIELD,CO,80023,US,2026-07-17T00:00:00.000,,,,kitchen
20261865710,First Ascent Coffee,GP,2026-07-18T00:00:00.000,Nathan,,Baldwin,,,12 Snowmass Rd,,Mt Crested Butte,CO,81225,US,PO Box 3051,,Mt Crested Butte,CO,81225,US,2026-07-18T00:00:00.000,,,,coffee
20261866294,PIZZA STREET,Individual,2026-07-18T00:00:00.000,THOMAS,L,WILLIAMS,,,1305 15th Ave,,greeley,CO,80631,US,1305 15th Ave,,greeley,CO,80631,US,2026-07-18T00:00:00.000,,,,pizza
20261866537,Simply Kitchen Shop,Entity Type,2026-07-18T00:00:00.000,,,,,"Schneller Funding, LLC",9371 Lizard Rock Trl,,Colorado Springs,CO,80924,US,,,,,,,2026-07-18T00:00:00.000,GOOD,2024-10-17T00:00:00.000,20248105350,kitchen
20261868864,The Lounge Beauty Suite,Individual,2026-07-20T00:00:00.000,Oksana,,Zalesov,,,444 Voiles dr,,Brighton,CO,80601,US,444 Voiles dr,,Brighton,CO,80601,US,2026-07-20T00:00:00.000,,,,lounge
20261869438,BURRITOS 625,Individual,2026-07-20T00:00:00.000,RIGOBERTO,,ENRIQUEZ LOYA,,,17100 E EXPOSITION DR,APT 107,AURORA,CO,80017,US,,,,,,,2026-07-20T00:00:00.000,,,,burrito
20261869685,Taco Gato Designs,Individual,2026-07-20T00:00:00.000,Andrew,Lee,Patten,,,934 N Lafayette Street,,Denver,CO,80218,US,934 N Lafayette Street,,Denver,CO,80218,US,2026-07-20T00:00:00.000,,,,taco
20261869849,STARBUCKS,Entity Type,2026-07-20T00:00:00.000,,,,,LVP FOOD SERVICE CONCEPT LLC,7210 Placid St,,Las Vegas,NV,89119,US,7210 Placid St,,Las Vegas,NV,89119,US,2026-07-20T00:00:00.000,GOOD,2023-02-16T00:00:00.000,20231177215,food
20261869872,Kratom Bar,Entity Type,2026-07-20T00:00:00.000,,,,,KB Int'l Coffee & Tea LLC,1005 N 12th St Ste 108,,Grand Junction,CO,81501,US,,,,,,,2026-07-20T00:00:00.000,GOOD,2021-11-17T00:00:00.000,20218084522,"bar, coffee"
20261870266,Taco Vasquez,Individual,2026-07-20T00:00:00.000,Marycruz,,Vasquez,,,5156 Vaughn Street,,Denver,CO,80239,US,5460 Netherland Street,,Denver,CO,80249,US,2026-07-20T00:00:00.000,,,,taco
20261871183,Brown Sugar Bakery,Individual,2026-07-20T00:00:00.000,Lisa,,Gonzales,,,616 41st Ave,,Greeley,CO,80634,US,616 41st Ave,,Greeley,CO,80634,US,2026-07-20T00:00:00.000,,,,bakery
20261871360,Rise & Grind Coffee Cart,Entity Type,2026-07-20T00:00:00.000,,,,,Kukosh Enterprise LLC,1247 Lark Ave,,Brighton,CO,80601,US,,,,,,,2026-07-20T00:00:00.000,GOOD,2025-06-17T00:00:00.000,20251671083,coffee
20261871923,Enjoy Every Sandwich,Entity Type,2026-07-21T00:00:00.000,,,,,JVO Media LLC,1500 N Grant St Ste R,,Denver,CO,80203,US,,,,,,,2026-07-21T00:00:00.000,GOOD,2026-07-21T00:00:00.000,20261871889,sandwich
20261873797,The Rose Cafe,Entity Type,2026-07-21T00:00:00.000,,,,,"The Rose Restaurant, LLC",408 Pagosa Street,,Pagosa Springs,CO,81147,US,PO Box 5167,,Pagosa Springs,CO,81147,US,2026-07-21T00:00:00.000,GOOD,2026-04-15T00:00:00.000,20261456211,"cafe, restaurant"
20261873813,The Rose Restaurant,Entity Type,2026-07-21T00:00:00.000,,,,,"The Rose Restaurant, LLC",408 Pagosa Street,,Pagosa Springs,CO,81147,US,PO Box 5167,,Pagosa Springs,CO,81147,US,2026-07-21T00:00:00.000,GOOD,2026-04-15T00:00:00.000,20261456211,restaurant
20261873824,The Rose,Entity Type,2026-07-21T00:00:00.000,,,,,"The Rose Restaurant, LLC",408 Pagosa Street,,Pagosa Springs,CO,81147,US,PO Box 5167,,Pagosa Springs,CO,81147,US,2026-07-21T00:00:00.000,GOOD,2026-04-15T00:00:00.000,20261456211,restaurant
20261876646,Smoke and Mirrors Denver,Entity Type,2026-07-22T00:00:00.000,,,,,EW Lounge LLC,9559 Nile Way,,Arvada,CO,80007,US,,,,,,,2026-07-22T00:00:00.000,GOOD,2026-06-23T00:00:00.000,20261756876,lounge
20261877446,Tacos el Caudillo,Entity Type,2026-07-22T00:00:00.000,,,,,Caudillo Restaurant Group LLC,18285 County Road 22,,Fort Lupton,CO,80621,US,627 James Ave N,,Lake Elmo,MN,55042,US,2026-07-22T00:00:00.000,GOOD,2026-07-16T00:00:00.000,20261859650,"restaurant, taco"
20261877492,Recess Tivoli,Entity Type,2026-07-22T00:00:00.000,,,,,LoHi Beer Garden LLC,2715 17th St Unit 103,,Denver,CO,80211,US,,,,,,,2026-07-22T00:00:00.000,GOOD,2014-04-24T00:00:00.000,20141264985,beer garden
20261877724,Gigis Bakery,Individual,2026-07-22T00:00:00.000,Lauren,,Manicone,,,205 Rock Bridge Lane,,Windsor,CO,80550,US,205 Rock Bridge Lane,,Windsor,CO,80550,US,2026-07-22T00:00:00.000,,,,bakery
20261877770,Snipeburger & Tillie's Tavern,Entity Type,2026-07-22T00:00:00.000,,,,,King of Wings LLC,7741 W 44th Ave,,Wheat Ridge,CO,80033,US,5814 Cole Way,,Arvada,CO,80004,US,2026-07-22T00:00:00.000,GOOD,2015-06-08T00:00:00.000,20151380416,"tavern, wings"
20261877944,"Colorado Creole Cafe, LLC",Entity Type,2026-07-22T00:00:00.000,,,,,Colorado Creole Cafe LLC,9668 E Arapahoe Rd,,Greenwood Village,CO,80112,US,,,,,,,2026-07-22T00:00:00.000,DQ,2024-02-05T00:00:00.000,20241158569,cafe
20261878348,Stellas Italian Kitchen,Entity Type,2026-07-22T00:00:00.000,,,,,"Stellas Cucina Italiana & Pasticceria, LLC",1500 N Grant St Ste R,,Denver,CO,80203,US,,,,,,,2026-07-22T00:00:00.000,GOOD,2026-07-22T00:00:00.000,20261878318,kitchen
20261878952,BE SO FOR REAL TACOS,Entity Type,2026-07-22T00:00:00.000,,,,,"INB, LLC",1563 W Maple Ave,,Denver,CO,80223,US,,,,,,,2026-07-22T00:00:00.000,GOOD,2026-07-22T00:00:00.000,20261878925,taco
20261891644,Little Hearts Bakery,Individual,2026-07-23T00:00:00.000,Rowan,Elysse,Cross,,,6770 Brook Forest Drive,,Colorado Springs,CO,80911,US,6770 Brook Forest Drive,,Colorado Springs,CO,80911,US,2026-07-23T00:00:00.000,,,,bakery
20261892464,Little kitchen Nook Bakehouse,Individual,2026-07-23T00:00:00.000,Blanca,margarita,Rivera,,,2913 58th avenue,,greeley,CO,80634,US,,,,,,,2026-07-23T00:00:00.000,,,,kitchen
20261894966,Landmark Cafe,Entity Type,2026-07-23T00:00:00.000,,,,,"JY Ventures, Inc.",5500 S Quebec St Ste 100,,Greenwood Village,CO,80111,US,7615 W 24th Ave,,Lakewood,CO,80214,US,2026-07-23T00:00:00.000,GOOD,2026-07-23T00:00:00.000,20261894942,cafe
20261895341,PAPA MOE'S KITCHEN,Entity Type,2026-07-23T00:00:00.000,,,,,"MTMLA, LLC",25124 E 2ND AVENUE,,AURORA,CO,80018,US,,,,,,,2026-07-23T00:00:00.000,GOOD,2026-07-23T00:00:00.000,20261895288,kitchen
20261906165,Ballerz Sports Bar Inc.,GP,2026-07-24T00:00:00.000,,,,,Ballerz Sports Bar Inc.,3923 E 120th Ave,,Thornton,CO,80223,US,16254 E 101st Ave,,Commerce City,CO,80022,US,2026-07-24T00:00:00.000,,,,bar
20261918783,Dyer Foods,Individual,2026-07-27T00:00:00.000,Jessica,L,Wildman,,,PO Box 2082,,Fairplay,CO,80440,US,1288 35th trail,,Cotopaxi,CO,81223,US,2026-07-27T00:00:00.000,,,,foods
20261919414,Pho Story,Entity Type,2026-07-27T00:00:00.000,,,,,"Pho Story by Cnl, LLC",1286 Interquest Pkwy Ste 120,,Colorado Springs,CO,80921,US,5910 Whiskey River Dr,,Colorado Springs,CO,80923,US,2026-07-27T00:00:00.000,GOOD,2026-07-27T00:00:00.000,20261919225,pho
20261920598,ooroo cafe,Individual,2026-07-27T00:00:00.000,Lesli,Jimena,Orozco Gamboa,,,5238 W Caldwell st,,Laveen,AZ,85339,US,,,,,,,2026-07-27T00:00:00.000,,,,cafe
20261920700,CLEMENT FAST FOOD,Individual,2026-07-27T00:00:00.000,JAMES,,CLEMENT,,,3435 GRAND VALLEY,,CLIFTON,CO,81520,US,3435 GRAND VALLEY,,CLIFTON,CO,81520,US,2026-07-27T00:00:00.000,,,,food
20261920749,LAMBERT FAST FOOD,Individual,2026-07-27T00:00:00.000,LAMBERT,,MARSHA,,,5820 Powell Road,,PARKER,CO,80134,US,,,,,,,2026-07-27T00:00:00.000,,,,food
20261921032,Dba blackjack pizza,Entity Type,2026-07-27T00:00:00.000,,,,,RRL Pizza LLC,1490 S Sheridan Blvd Unit 101,,Denver,CO,80232,US,,,,,,,2026-07-27T00:00:00.000,GOOD,2026-06-10T00:00:00.000,20261708087,pizza
20261925755,Jimmy John's Gourmet Sandwiches,Entity Type,2026-07-28T00:00:00.000,,,,,RRB Foods Tejon LLC,10 S Tejon St,,Colorado Springs,CO,80903,US,2015 N Stokes Ct,,Visalia,CA,93291,US,2026-07-28T00:00:00.000,GOOD,2026-06-28T00:00:00.000,20261796826,foods
20261926693,Wings of Transformation Colorado,Entity Type,2026-07-28T00:00:00.000,,,,,Trailhead Institute,1999 Broadway Ste 600,,Denver,CO,80202,US,,,,,,,2026-07-28T00:00:00.000,GOOD,1993-12-20T00:00:00.000,19931140249,wings
20261927482,KoKo Boba Co.,Entity Type,2026-07-28T00:00:00.000,,,,,"KoKo Boba, LLC",131 Gold Maple St,,Brighton,CO,80601,US,,,,,,,2026-07-28T00:00:00.000,GOOD,2026-06-05T00:00:00.000,20261693008,boba
20261931957,Heal with Real Food,Entity Type,2026-07-29T00:00:00.000,,,,,"Nutrition Solutions, LLC",10105 Nadine Ave,,Parker,CO,80134,US,,,,,,,2026-07-29T00:00:00.000,GOOD,2014-08-15T00:00:00.000,20141493521,food
20261933872,Skyzone Chinese Restaurant,Entity Type,2026-07-29T00:00:00.000,,,,,SKY ZONE INC,1789 N Ogden St,,Denver,CO,80218,US,,,,,,,2026-07-29T00:00:00.000,GOOD,2023-06-01T00:00:00.000,20231596338,restaurant
20261933907,Deal To-Go Chinese Food,Entity Type,2026-07-29T00:00:00.000,,,,,SKY ZONE INC,1789 N Ogden St,,Denver,CO,80218,US,,,,,,,2026-07-29T00:00:00.000,GOOD,2023-06-01T00:00:00.000,20231596338,food
20261934592,AmooR Cafe,Entity Type,2026-07-29T00:00:00.000,,,,,AAAAVeraMex LLC,501 Melody Ln,,Platteville,CO,80651,US,501 Melody Ln,,Platteville,CO,80651,US,2026-07-29T00:00:00.000,GOOD,2026-06-26T00:00:00.000,20261789695,cafe
20261934487,Dojo Coffee,Individual,2026-07-30T00:00:00.000,Emily,,Cochran,,,2401 WYOMING AVE,,Pueblo,CO,81004,US,2401 WYOMING AVELO,,PUEBLO,CO,81004,US,2026-07-31T00:00:00.000,,,,coffee
20261935444,The Castle Bar and Grill No. 2,Entity Type,2026-07-30T00:00:00.000,,,,,CSTLBAR2 LLC,7703 S Yarrow Ct,,Littleton,CO,80128,US,,,,,,,2026-07-30T00:00:00.000,GOOD,2026-03-23T00:00:00.000,20261337494,"bar, grill"
20261935465,Chaos Cakes Bakery & Coffee,Entity Type,2026-07-30T00:00:00.000,,,,,Chaos Cakes LLC,3758 E 104th Ave PMB 647,,Thornton,CO,80233,US,,,,,,,2026-07-30T00:00:00.000,GOOD,2026-07-30T00:00:00.000,20261935317,"bakery, coffee"
20261936213,Affordable Quality Kitchen and Bath Remodeling,Entity Type,2026-07-30T00:00:00.000,,,,,Affordable Quality Kitchen and Bath LLC,10680 Mt Spalding Ln Unit 101,,Englewood,CO,80112,US,,,,,,,2026-07-30T00:00:00.000,GOOD,2026-07-22T00:00:00.000,20261877554,kitchen
20261938061,TACOS EL JEREZANO,Individual,2026-07-30T00:00:00.000,SERGIO,,ESCOBEDO DEL VILLAR,,,4801 COLORADO BLVD.,,DENVER,CO,80216,US,5462 XANADU ST.,,DENVER,CO,80239,US,2026-07-30T00:00:00.000,,,,taco
20261939392,Tipsy Social,Entity Type,2026-07-30T00:00:00.000,,,,,Reyes Bar and Venue LLC,2900 W 25th Ave,,Denver,CO,80211,US,2152 S Zenobia St,,Denver,CO,80219,US,2026-07-30T00:00:00.000,RP_NC,2025-05-22T00:00:00.000,20251567430,bar
20261941991,The Roost Kitchen and Bar,Entity Type,2026-07-31T00:00:00.000,,,,,The Roost Inc,225 N 5th St Ste 105,,Grand Junction,CO,81501,US,PO Box 45,,Palisade,CO,81526,US,2026-07-31T00:00:00.000,GOOD,2025-10-22T00:00:00.000,20258144998,"bar, kitchen"
20261942510,Rustic Nomads Tap House & Grill,Entity Type,2026-07-31T00:00:00.000,,,,,"Rustic Nomads, LLC",6431 S. Sedalia St.,,Aurora,CO,80016,US,,,,,,,2026-07-31T00:00:00.000,GOOD,2017-08-30T00:00:00.000,20171660244,"grill, tap house"
20261943941,The bakery cottage,Individual,2026-07-31T00:00:00.000,Gabrielle,ellen,lauer,,,3011 billings st,,aurora,CO,80011,US,3011 billings st,3011 billings st,aurora,CO,80011,US,2026-07-31T00:00:00.000,,,,bakery
20261948938,Cantina USA Group,Entity Type,2026-08-01T00:00:00.000,,,,,Travel Chianti LLC,10179 E Pinewood Ave,,Englewood,CO,80111,US,,,,,,,2026-08-01T00:00:00.000,GOOD,2022-08-31T00:00:00.000,20221854467,cantina
20261949751,Sunday Cinnamon Bakery,Individual,2026-08-02T00:00:00.000,Alexis,Raquel,Deyoung,,,553 Penn Road,,Elizabeth,CO,80107,US,,,,,,,2026-08-02T00:00:00.000,,,,bakery
20261949809,Rosy Dough Bakery,Individual,2026-08-02T00:00:00.000,Andrew,,LaGuardia,,,2361 Oakhurst Rd.,,Johnstown,CO,80534,US,2361 Oakhurst Rd.,,Johnstown,CO,80534,US,2026-08-02T00:00:00.000,,,,bakery
20261950643,Fuzz Food,Entity Type,2026-08-03T00:00:00.000,,,,,Fuzz Food LLC,6050 Stetson Hills Blvd PMB 431,,Colorado Springs,CO,80923,US,,,,,,,2026-08-03T00:00:00.000,GOOD,2026-07-27T00:00:00.000,20261916116,food
20261951367,Small Town Coffee Company,Entity Type,2026-08-03T00:00:00.000,,,,,"Small Town Coffee Company, LLC",356 Blue Fortune Dr,,Windsor,CO,80550,US,,,,,,,2026-08-03T00:00:00.000,GOOD,2026-07-27T00:00:00.000,20261918707,coffee
20261953204,Platte River Saloon,Entity Type,2026-08-03T00:00:00.000,,,,,"PRS, LLC",517 Front St,,Fairplay,CO,80440,US,PO Box 1826,,Fairplay,CO,80440,US,2026-08-03T00:00:00.000,GOOD,2026-07-01T00:00:00.000,20261815320,saloon
20261953544,Tacos El Amigo #5,Entity Type,2026-08-03T00:00:00.000,,,,,Tacos El Amigo #5 LLC,6050 N Carefee Cir,,Colorado Springs,CO,80922,US,3618 Anemone Cir,,Colorado Springs,CO,80918,US,2026-08-03T00:00:00.000,GOOD,2026-08-03T00:00:00.000,20261952954,taco
20261955005,NJ's Bar & Grill,Entity Type,2026-08-03T00:00:00.000,,,,,S & U Enterprises LLC,4763 Flintridge Dr,,Colorado Springs,CO,80918,US,4922 Crestwood Dr,,Colorado Springs,CO,80918,US,2026-08-03T00:00:00.000,GOOD,2026-08-03T00:00:00.000,20261954919,"bar, grill"
20261958139,United Food and Commercial Workers Union Local No. 7R,UNA,2026-08-04T00:00:00.000,,,,,United Food and Commercial Workers Union Local No. 7R,7760 W 38th Ave,,Wheat Ridge,CO,80033,US,7760 W 38th Ave,,Wheat Ridge,CO,80033,US,2026-08-04T00:00:00.000,,,,food
20261958812,Nemesis Esports Lounge,Entity Type,2026-08-04T00:00:00.000,,,,,Nemesis Limited,14715 Orchard Pkwy Unit 1201,,Westminster,CO,80023,US,603 S Public Rd,PO Box 100,Lafayette,CO,80026,US,2026-08-04T00:00:00.000,GOOD,2024-06-04T00:00:00.000,20241616010,lounge
20261959428,Las Animas Pizza LLC,Entity Type,2026-08-05T00:00:00.000,,,,,LAS ANIMAS GRILL LLC,341 N Commercial St,,Trinidad,CO,81082,US,,,,,,,2026-08-06T00:00:00.000,GOOD,2017-11-26T00:00:00.000,20171875262,"grill, pizza"
20261960802,Steamboat Hat Bar,Entity Type,2026-08-05T00:00:00.000,,,,,Steamboat Hatter LLC,111 11th street,Unit 104,Steamboat Springs,CO,80487,US,31630 Navajo Trail,,Oak Creek,CO,80467,US,2026-08-05T00:00:00.000,GOOD,2021-01-28T00:00:00.000,20211099536,bar
20261960937,Maverick's Restaurant,Entity Type,2026-08-05T00:00:00.000,,,,,Ruthridge LLC,1409 Barlow Road,,Fort Morgan,CO,80701,US,,,,,,,2026-08-05T00:00:00.000,GOOD,2026-06-02T00:00:00.000,20261680511,restaurant
20261961123,The Mav's Kitchen & Tap House,Entity Type,2026-08-05T00:00:00.000,,,,,Ruthridge LLC,1409 Barlow Road,,Fort Morgan,CO,80701,US,,,,,,,2026-08-05T00:00:00.000,GOOD,2026-06-02T00:00:00.000,20261680511,"kitchen, tap house"
20261961284,The Mav Kitchen & Tap House,Entity Type,2026-08-05T00:00:00.000,,,,,Ruthridge LLC,1409 Barlow Road,,Fort Morgan,CO,80701,US,,,,,,,2026-08-05T00:00:00.000,GOOD,2026-06-02T00:00:00.000,20261680511,"kitchen, tap house"
20261961921,Jolly Bear Creamery,Entity Type,2026-08-05T00:00:00.000,,,,,First Chair Creamery LLC,"78415 US Hwy 40, 200B",,Winter Park,CO,80482,US,,,,,,,2026-08-05T00:00:00.000,GOOD,2026-06-03T00:00:00.000,20261684331,creamery
20261962246,The Green Smoothie Company,Individual,2026-08-05T00:00:00.000,Diana,,Garzio,,,322 Pearl Street,,Fort Collins,CO,80521,US,,,,,,,2026-08-05T00:00:00.000,,,,smoothie
20261962325,Pizza Time,Individual,2026-08-05T00:00:00.000,Rajesh,,Chugh,,,8794 N Union Blvd,,Colorado Springs,CO,80920,US,8794 N Union Blvd,,Colorado Springs,CO,80920,US,2026-08-05T00:00:00.000,,,,pizza
20261962451,Bloom Cafe & Eatery,Entity Type,2026-08-05T00:00:00.000,,,,,Bloom Eateries LLC,12630 Granite Ridge Dr,,Peyton,CO,80831,US,,,,,,,2026-08-05T00:00:00.000,GOOD,2026-07-16T00:00:00.000,20261862187,"cafe, eatery"
20261963682,Baumhaus Winery,GP,2026-08-05T00:00:00.000,,,,,Baumhaus LLC,375 Aspen Ct,,Broomfield,CO,80020,US,,,,,,,2026-08-05T00:00:00.000,,,,winery
20261963908,Crazy Corner Cafe,Individual,2026-08-05T00:00:00.000,Nancy,,Chairez,,,823 8th street,,Alamosa,CO,81101,US,P.O. Box 377,,San Luis,CO,81152,US,2026-08-05T00:00:00.000,,,,cafe
20261964058,Himalayan Cafe,Entity Type,2026-08-05T00:00:00.000,,,,,Himalayan Cafe LLC,5290 Arapahoe Ave Ste C,,Boulder,CO,80303,US,,,,,,,2026-08-05T00:00:00.000,GOOD,2026-08-05T00:00:00.000,20261964052,cafe
20261965151,Copper Door Coffee Roasters,Entity Type,2026-08-06T00:00:00.000,,,,,Copper Door Coffee LLC,2000 S Cherokee St,,Denver,CO,80223,US,,,,,,,2026-08-06T00:00:00.000,GOOD,2006-10-18T00:00:00.000,20061426784,coffee
20261966655,Tokyo Grill Sushi,Entity Type,2026-08-07T00:00:00.000,,,,,"SAIGON TOKYO ASIAN FUSION, INC.",700 S BUCKLEY RD,UNIT E & F,AURORA,CO,80017,US,,,,,,,2026-08-07T00:00:00.000,GOOD,2013-01-15T00:00:00.000,20131030596,"grill, sushi"
20261967060,FOX DOG COFFEE,Entity Type,2026-08-07T00:00:00.000,,,,,Bennett Creek Holdings LLC,575 Holbrook St,,Erie,CO,80516,US,PO Box 353,,Erie,CO,80516,US,2026-08-07T00:00:00.000,GOOD,2026-06-14T00:00:00.000,20261721242,coffee
20261969428,Rhapsody Peak Bistro And Market,Entity Type,2026-08-07T00:00:00.000,,,,,"Rhapsody Market Bistro, LLC",121 W Midland Ave,,Woodland Park,CO,80863,US,PO Box 7281,,Woodland Park,CO,80863,US,2026-08-07T00:00:00.000,GOOD,2026-05-18T00:00:00.000,20261587309,bistro
20261971370,The Burrow Kava Bar,Entity Type,2026-08-08T00:00:00.000,,,,,Burrow Kava LLC,15972 W 66th Cir,,Arvada,CO,80007,US,,,,,,,2026-08-08T00:00:00.000,GOOD,2026-05-11T00:00:00.000,20261566616,bar
20261971853,Ferraro's Home Bakery,Individual,2026-08-08T00:00:00.000,Ashley,,Ferraro,,,5969 S Swadley Way,,Littleton,CO,80127,US,5969 S Swadley Way,,Littleton,CO,80127,US,2026-08-08T00:00:00.000,,,,bakery
20261973034,Chaos Crumble Cottage Bakery,Individual,2026-08-09T00:00:00.000,Jasmine,,Smith,,,7245 omaha blvd,,Colorado springs,CO,80915,US,,,,,,,2026-08-09T00:00:00.000,,,,bakery
20268000904,Rosemary Liquor & Food Mart,Entity Type,2026-08-10T00:00:00.000,,,,,Rosemary Liquor LLC,8210 Rosemary St,,Commerce City,CO,80022,US,,,,,,,2026-08-10T00:00:00.000,GOOD,2026-07-10T00:00:00.000,20261843851,food
20268000937,The Workbook Bar,Entity Type,2026-08-10T00:00:00.000,,,,,"Unapologetically, Heather LLC",4668 Tetman Ln,,Colorado Springs,CO,80916,US,,,,,,,2026-08-10T00:00:00.000,GOOD,2026-08-10T00:00:00.000,20268000864,bar
20268001776,A Rae Of Hope Beyond The Bars,Individual,2026-08-10T00:00:00.000,Casey,,Vigil,,,252 Monares Ln,,Erie,CO,80516,US,252 Monares Ln,,Erie,CO,80516,US,2026-08-10T00:00:00.000,,,,bar
20268003008,Tailgate Tavern,Entity Type,2026-08-10T00:00:00.000,,,,,PRG 4 LLC,8652 S Wadsworth Ct,,Littleton,CO,80128,US,,,,,,,2026-08-10T00:00:00.000,GOOD,2026-07-09T00:00:00.000,20261840765,tavern
20268003635,Laid Off Dad Lemonade,Entity Type,2026-08-10T00:00:00.000,,,,,"Deborah Ann Does Donuts, LLC",914 Dakota Ln,,Erie,CO,80516,US,,,,,,,2026-08-10T00:00:00.000,GOOD,2025-06-01T00:00:00.000,20251621186,donut
20268005513,Panaderia Y Taqueria Chihuas,Entity Type,2026-08-11T00:00:00.000,,,,,Banuelos Panaderia LLC,4846 Chambers Rd,,Denver,CO,80239,US,,,,,,,2026-08-11T00:00:00.000,GOOD,2026-07-29T00:00:00.000,20261934236,taqueria
20268006024,El Tamarindo Restaurant,Entity Type,2026-08-11T00:00:00.000,,,,,OMBA International LLC,11052 Zephyr St,,Westminster,CO,80021,US,,,,,,,2026-08-11T00:00:00.000,GOOD,2024-03-11T00:00:00.000,20241291788,restaurant
20268007247,Palma Brothers Catering,Entity Type,2026-08-11T00:00:00.000,,,,,PALMA BROTHERS LLC,9530 E Colfax Ave,,Aurora,CO,80010,US,,,,,,,2026-08-11T00:00:00.000,GOOD,2015-12-07T00:00:00.000,20151783166,catering
20268007871,SAHARA NIGHTS FORT COLLINS LLC,Entity Type,2026-08-11T00:00:00.000,,,,,HAIFA'S KITCHEN LLC,1331 Redwood St Apt 11304,,Fort Collins,CO,80524,US,,,,,,,2026-08-11T00:00:00.000,GOOD,2026-07-30T00:00:00.000,20261939131,kitchen
20268012832,Petrichor Coffee Roasters,Individual,2026-08-12T00:00:00.000,Jeffrey,,Cuno,,,34285 Rock Creek Rd,,Pine,CO,80470,US,,,,,,,2026-08-12T00:00:00.000,,,,coffee
20268012932,Briere Hospitality LLC,GP,2026-08-12T00:00:00.000,,,,,West Main Taproom & Grill,18595 E Mainstreet,,Parker,CO,80134,US,18595 E Mainstreet,,Parker,CO,80134,US,2026-08-12T00:00:00.000,,,,"grill, taproom"
20268013607,Fully Stocked Outdoor Kitchens,Individual,2026-08-12T00:00:00.000,Laura,A,Jordan,,,33039 Engleman Ct.,,Trinidad,CO,81082,US,33039 Engleman Ct.,,Trinidad,CO,81082,US,2026-08-12T00:00:00.000,,,,kitchen
20268013691,Rocha Bakery,Individual,2026-08-12T00:00:00.000,Amanda,Naray,Rocha,,,1005 Applewood Avenue,,Fort Lupton,CO,80621,US,1005 Applewood Avenue,,Fort Lupton,CO,80621,US,2026-08-12T00:00:00.000,,,,bakery
20268015799,Winona's,Entity Type,2026-08-13T00:00:00.000,,,,,"Winona's Kitchen, LLC",610 Oak Street,,Steamboat Springs,CO,80487,US,PO Box 772825,,Steamboat Springs,CO,80477,US,2026-08-13T00:00:00.000,GOOD,2026-08-13T00:00:00.000,20268015749,kitchen
20268017137,Peak Pizza,Entity Type,2026-08-13T00:00:00.000,,,,,Peak Pizza LLC,5050 Factory Shops Blvd Ste 660,,Castle Rock,CO,80108,US,5849 Point Rider Cir,,Castle Rock,CO,80104,US,2026-08-13T00:00:00.000,GOOD,2026-01-26T00:00:00.000,20261111002,pizza
20268017199,Dad's Kitchen & Mart,Entity Type,2026-08-13T00:00:00.000,,,,,Dakota Moore Enterprises LLC,5885 Simms St,,Arvada,CO,80004,US,,,,,,,2026-08-13T00:00:00.000,GOOD,2024-07-23T00:00:00.000,20241761074,kitchen
20268017594,las princess taqueria,Entity Type,2026-08-13T00:00:00.000,,,,,LAS PRINCESS TAQUERIA LLC,10814 W HWY 160,,PAGOSA SPRINGS,CO,81147,US,PO Box 5402,,Pagosa Springs,CO,81147,US,2026-08-13T00:00:00.000,DQ,2022-10-13T00:00:00.000,20228005102,taqueria
20268017616,las princess taqueria,Entity Type,2026-08-13T00:00:00.000,,,,,LAS PRINCESS TAQUERIA LLC,10814 W HWY 160,,PAGOSA SPRINGS,CO,81147,US,PO Box 5402,,Pagosa Springs,CO,81147,US,2026-08-13T00:00:00.000,DQ,2022-10-13T00:00:00.000,20228005102,taqueria
20268018717,Tricia's Sweet Treats and Bakery,Entity Type,2026-08-14T00:00:00.000,,,,,Tricia's Creative Services LLC,17590 Silver Fox Ct,,Mead,CO,80542,US,,,,,,,2026-08-14T00:00:00.000,GOOD,2022-03-22T00:00:00.000,20221285498,bakery
20268018732,Kitchens and Associates,Individual,2026-08-14T00:00:00.000,Karen,Sue,Kitchens,,,19199 E Creekside Dr,,Parker,CO,80134,US,19199 E Creekside Dr,,Parker,CO,80134,US,2026-08-14T00:00:00.000,,,,kitchen
20268019744,O'hara's Pub,Entity Type,2026-08-14T00:00:00.000,,,,,Cherry Roots LLC,203 N Alice Ave,,Milliken,CO,80543,US,,,,,,,2026-08-14T00:00:00.000,GOOD,2026-08-11T00:00:00.000,20268006023,pub
20268020340,Fresh Creative Cuisine,Individual,2026-08-14T00:00:00.000,ilani,,rivera,,,3520 grove ave,,berwyn,IL,60402,US,6301 seaforth st,,baltimore,MD,21224,US,2026-08-14T00:00:00.000,,,,cuisine
20268020908,The Bull Ice Cream - Nieves El Torito,Individual,2026-08-14T00:00:00.000,Mao,David,Cano Mirnda,,,61514 Forever View Drive,,Montrose,CO,8401,US,61514 Forever View Drive,,Montrose,CO,81401,US,2026-08-14T00:00:00.000,,,,ice cream
20268021571,Twisted Roots,Entity Type,2026-08-15T00:00:00.000,,,,,"Cafe Que Llc, Delinquent August 1, 2023",3097 w. 97th Ave.,Unit 313,Westminster,CO,80031,US,3097 W 97th Ave.,Unit 313,Westminster,CO,80031,US,2026-08-15T00:00:00.000,DQQ,2021-03-28T00:00:00.000,20211309084,cafe
20268021585,NoCo Street Corn,Entity Type,2026-08-15T00:00:00.000,,,,,Northern Colorado Drink Company LLC,424 Lark Bunting Ave,,Loveland,CO,80537,US,,,,,,,2026-08-15T00:00:00.000,GOOD,2026-07-26T00:00:00.000,20261912012,drink
20268021963,Frog and Donut,Individual,2026-08-15T00:00:00.000,Odette,Oduk,Shin,,,3016 W 107th Pl,Unit C,Westminster,CO,80031,US,,,,,,,2026-08-15T00:00:00.000,,,,donut
20268022044,Red Rocks Hookah Lounge,Entity Type,2026-08-15T00:00:00.000,,,,,SmokeZone LLC,1901 Youngfield St,Unit 103,Golden,CO,80401,US,,,,,,,2026-08-15T00:00:00.000,GOOD,2026-06-19T00:00:00.000,20261740553,lounge
20268023948,Doggaebi Bakery,Individual,2026-08-16T00:00:00.000,Sohyang,,Na,,,4945 Nugent Dr,,Colorado springs,CO,80922,US,4945 Nugent Drive,,Colorado Springs,CO,80922,US,2026-08-16T00:00:00.000,,,,bakery
20268025666,ZINN Boutique,Entity Type,2026-08-17T00:00:00.000,,,,,Zin Zin's Burmese Cuisine LLC,17488 E Grand Dr,,Aurora,CO,80015,US,,,,,,,2026-08-17T00:00:00.000,GOOD,2021-09-28T00:00:00.000,20211898168,cuisine
20268026335,Five Loaves Bakery,Individual,2026-08-17T00:00:00.000,Erika,Lynn,Pflipsen,,,2914 Moulard Ct.,,Johnstown,CO,80534,US,2914 Moulard Ct.,,Johnstown,CO,80534,US,2026-08-17T00:00:00.000,,,,bakery
20268026630,West Main Taproom + Grill,Entity Type,2026-08-17T00:00:00.000,,,,,"GPMM, Inc.",10750 Pine Dr,,Parker,CO,80138,US,,,,,,,2026-08-17T00:00:00.000,GOOD,2026-08-17T00:00:00.000,20268026531,"grill, taproom"
20268027225,DBA Phillin It Cheesesteaks,Entity Type,2026-08-17T00:00:00.000,,,,,Z&Cs Eatery LLC,455 Seminole Ct,,Grand Junction,CO,81504,US,,,,,,,2026-08-17T00:00:00.000,GOOD,2026-08-11T00:00:00.000,20268007038,eatery
20268027480,Doggaebi Bakery,Entity Type,2026-08-17T00:00:00.000,,,,,Studio Veronica LLC,4945 Nugent Dr,,Colorado Springs,CO,80922,US,,,,,,,2026-08-17T00:00:00.000,GOOD,2022-02-01T00:00:00.000,20221125561,bakery
20268028647,MBC Companies,Entity Type,2026-08-18T00:00:00.000,,,,,"Frozen Bakery Acquisition, LLC",10673 S. Lee Hwy,,McDonald,TN,37353,US,,,,,,,2026-08-18T00:00:00.000,GOOD,2026-08-18T00:00:00.000,20268028593,bakery
20268029733,Quit Drinking Plan,Entity Type,2026-08-18T00:00:00.000,,,,,SkyeWriting Ltd.,25464 E 2nd Ave,,Aurora,CO,80018,US,,,,,,,2026-08-18T00:00:00.000,GOOD,2026-07-13T00:00:00.000,20261850808,drinking
20268030876,Jack's Modern Steakhouse,Entity Type,2026-08-18T00:00:00.000,,,,,"Jacks on Pearl, LLC",1475 S Pearl St,,Denver,CO,80210,US,PO Box 2799,,Littleton,CO,80161,US,2026-08-18T00:00:00.000,GOOD,2019-09-24T00:00:00.000,20191764024,steakhouse
20268030906,Jack's Modern Steakhouse,Entity Type,2026-08-18T00:00:00.000,,,,,"Jack's at Lone Tree, LLC",9155 Park Meadow,,Lone Tree,CO,80124,US,8110 E. Union Ave,Ste. 100,Denver,CO,80237,US,2026-08-18T00:00:00.000,GOOD,2024-03-07T00:00:00.000,20241281480,steakhouse
20268031895,The BAD Bakery,Individual,2026-08-18T00:00:00.000,Nathalie,,Sisneros,,,1559 Sickle St,,MONTE VISTA,CO,81144,US,1559 Sickle St,,MONTE VISTA,CO,81144,US,2026-08-18T00:00:00.000,,,,bakery
20268032420,Carmella's Eatery & Market,Entity Type,2026-08-19T00:00:00.000,,,,,"Pearl Market Beeler Park, LLC",9196 E 57th Ave Unit 170,,Denver,CO,80238,US,,,,,,,2026-08-19T00:00:00.000,GOOD,2022-03-10T00:00:00.000,20221259126,eatery
20268034185,Ackerman Vent Cleaning,Entity Type,2026-08-19T00:00:00.000,,,,,Food LLC,12755 Strawberry Cir,,Longmont,CO,80503,US,,,,,,,2026-08-19T00:00:00.000,GOOD,2024-02-04T00:00:00.000,20241154915,food
20268034349,Phin Coffee & Matcha,Individual,2026-08-19T00:00:00.000,Ty,,Dang,,,5125 Chambers Rd,,Denver,CO,80239,US,5125 Chambers Rd,,Denver,CO,80239,US,2026-08-19T00:00:00.000,,,,coffee
20268036041,ROSHNI'S INDIAN BISTRO,Entity Type,2026-08-20T00:00:00.000,,,,,Abi&Ari LLC,17190 Mt Vernon Rd Lot 227,,Golden,CO,80401,US,,,,,,,2026-08-20T00:00:00.000,GOOD,2025-09-12T00:00:00.000,20258009575,bistro
20268038263,East of Herman,Entity Type,2026-08-20T00:00:00.000,,,,,"Contrails and Wings, LLC",168 Walters Creek Dr,,Monument,CO,80132,US,,,,,,,2026-08-20T00:00:00.000,GOOD,2025-04-06T00:00:00.000,20251405017,wings
20268040255,Western Sky Bar & Taproom,Entity Type,2026-08-21T00:00:00.000,,,,,Goins Hospitality Group LLC,315 N Holcomb St,,Castle Rock,CO,80104,US,,,,,,,2026-08-21T00:00:00.000,GOOD,2026-07-24T00:00:00.000,20261906500,"bar, taproom"
20268040400,Dumpling Legend,Entity Type,2026-08-21T00:00:00.000,,,,,WESTERN CATERING COMPANY LLC,2595 S LEWIS WAY #C,,LAKEWOOD,CO,80227,US,,,,,,,2026-08-21T00:00:00.000,GOOD,2026-01-29T00:00:00.000,20261125985,catering
20268040616,Taste & See Bakery,Individual,2026-08-21T00:00:00.000,Portre,,Mendez,,,4829 Eddleman Ct,,Colorado Springs,CO,80925,US,4829 Eddleman Ct,,Colorado Springs,CO,80925,US,2026-08-21T00:00:00.000,,,,bakery
20268042053,StarSong Meadery,Entity Type,2026-08-22T00:00:00.000,,,,,StarSong Enterprises Co.,17049 East Mansfield Avenue,,Aurora,CO,80013,US,17049 East Mansfield Avenue,,Aurora,CO,80013,US,2026-08-22T00:00:00.000,GOOD,2026-07-14T00:00:00.000,20261854328,meadery
20268042145,TONG TONG KOREAN RESTAURANT,Entity Type,2026-08-22T00:00:00.000,,,,,UCY4 LLC,2036 S Academy Blvd,,Colorado Springs,CO,80916,US,,,,,,,2026-08-22T00:00:00.000,GOOD,2026-08-18T00:00:00.000,20268031727,restaurant
20268042185,Smelly deli,Individual,2026-08-22T00:00:00.000,Thair,S,Wahdan,,,1890 e Evans,,Denver,CO,80210,US,1890 e Evans,,Denver,CO,80210,US,2026-08-22T00:00:00.000,,,,deli
20268046721,Lion's Den Sober Lounge,Entity Type,2026-08-23T00:00:00.000,,,,,Liberation Ventures LLC,5310 Montebello Lane,,Colorado Springs,CO,80918,US,,,,,,,2026-08-23T00:00:00.000,GOOD,2018-04-12T00:00:00.000,20181304208,lounge
20268047595,Critters and Coffee,Entity Type,2026-08-23T00:00:00.000,,,,,White Noise Creative LLC,10581 W Dartmouth Ave,,Lakewood,CO,80227,US,,,,,,,2026-08-23T00:00:00.000,GOOD,2026-02-27T00:00:00.000,20261254871,coffee
20268056001,Ship's Backyard BBQ,LLC,2026-08-24T00:00:00.000,,,,,S2 Strategic Partner LLC,2215 Island Point,,Evergreen,CO,80439,US,1308 East Common Street,Suite 205,New Braunfels,TX,78130,US,2026-08-24T00:00:00.000,,,,bbq
20268060039,"BAR CNC Solutions, LLC.",Entity Type,2026-08-24T00:00:00.000,,,,,"Big Apple Ranch CNC Solutions, LLC",17523 County Road 3.5,,Merino,CO,80741,US,,,,,,,2026-08-24T00:00:00.000,GOOD,2026-08-24T00:00:00.000,20268055582,bar
20268060135,SpinSkew,Entity Type,2026-08-24T00:00:00.000,,,,,Kichi BBQ by CnL LLC,3255 Cinema Pt,,Colorado Springs,CO,80922,US,5910 Whiskey River Dr,,Colorado Springs,CO,80923,US,2026-08-24T00:00:00.000,GOOD,2025-03-27T00:00:00.000,20251366487,bbq
20268062439,The Sugar Bar,Individual,2026-08-24T00:00:00.000,Rachel,,Kelly,,,4115 Anitra Circle,,Colorado Springs,CO,80918,US,4115 Anitra Circle,,Colorado Springs,CO,80918,US,2026-08-24T00:00:00.000,,,,bar
20268062620,Babajoon's Kabobs & More,Entity Type,2026-08-24T00:00:00.000,,,,,"Kubideh Restaurants, LLC",1005 W 120th Ave Ste 250,,Denver,CO,80234,US,,,,,,,2026-08-24T00:00:00.000,GOOD,2013-06-06T00:00:00.000,20131339642,restaurant
20268063971,SizzleWorks Grill,Entity Type,2026-08-24T00:00:00.000,,,,,"The Goods, LLC",3917 White Leaf Pl,,Castle Rock,CO,80108,US,,,,,,,2026-08-24T00:00:00.000,GOOD,2006-12-21T00:00:00.000,20061521342,grill
20268065895,Splash Bath,Entity Type,2026-08-24T00:00:00.000,,,,,Nelson Restaurant LLC,13271 Bass Pro Dr Ste 110,,Colorado Springs,CO,80921,US,9375 Bethpage Rd,,Peyton,CO,80831,US,2026-08-24T00:00:00.000,GOOD,2026-02-23T00:00:00.000,20261065744,restaurant
20268066959,The Apprentice Dessert Bar,Entity Type,2026-08-24T00:00:00.000,,,,,The Apprentice LLC,572 E Castle Pines Pkwy Ste A5,,Castle Pines,CO,80108,US,2837 Keepsake Way,,Castle Rock,CO,80109,US,2026-08-24T00:00:00.000,GOOD,2024-02-14T00:00:00.000,20241183365,bar
20268068141,Tacos Junior inc,Entity Type,2026-08-24T00:00:00.000,,,,,TACOS JUNIOR INCORPORATED,3008 S Eaton St,,Denver,CO,80227,US,3008 S Eaton St,,Denver,CO,80227,US,2026-08-24T00:00:00.000,GOOD,2003-01-30T00:00:00.000,20031033694,taco
20268068324,Aspen In-Flight Catering,GP,2026-08-24T00:00:00.000,,,,,Aspen Elevated Catering,131 Kiowa,,Carbondale,CO,81623,US,131 Kiowa,,Carbondale,CO,81623,US,2026-08-24T00:00:00.000,,,,catering
20268068332,Topper's TakeAway,GP,2026-08-24T00:00:00.000,,,,,Aspen Elevated Catering,131 Kiowa,,Carbondale,CO,81623,US,131 Kiowa,,Carbondale,CO,81623,US,2026-08-24T00:00:00.000,,,,catering
20268068335,Seoul Kitchen,GP,2026-08-24T00:00:00.000,,,,,Aspen Elevated Catering,131 Kiowa,,Carbondale,CO,81623,US,131 Kiowa,,Carbondale,CO,81623,US,2026-08-24T00:00:00.000,,,,"catering, kitchen"
20268069109,South Fork Pizza Company,Entity Type,2026-08-25T00:00:00.000,,,,,"SoFo Pizza Co., LLC",30483 US Highway 160,,South Fork,CO,81154,US,,,,,,,2026-08-25T00:00:00.000,GOOD,2025-11-03T00:00:00.000,20258210976,pizza
20268071272,PUB.co,Entity Type,2026-08-25T00:00:00.000,,,,,"Atomix, LLC",2525 Frontier Ave Ste C,,Boulder,CO,80301,US,2525 Arapahoe Ave Ste E4 #1447,,Boulder,CO,80302,US,2026-08-25T00:00:00.000,GOOD,2026-05-07T00:00:00.000,20261554114,pub
20268071739,SHERPA GRILL 2 & CAMPUS CRUST PIZZERIA,Entity Type,2026-08-25T00:00:00.000,,,,,UDDHAB INC,1501 W Elizabeth St,,Fort Collins,CO,80521,US,,,,,,,2026-08-25T00:00:00.000,GOOD,2019-05-13T00:00:00.000,20191401818,"grill, pizzeria"
20268078081,Voodoo Brewing Company Castle Rock,Entity Type,2026-08-26T00:00:00.000,,,,,"308 CR, LLC",3737 Castle Butte Dr,,Castle Rock,CO,80109,US,,,,,,,2026-08-26T00:00:00.000,GOOD,2023-01-31T00:00:00.000,20231128826,brewing
20268078148,SUH SUSHI KOREAN BBQ,Entity Type,2026-08-26T00:00:00.000,,,,,HM DINING GROUP LLC,165 Boardwalk Dr,,Fort Collins,CO,80525,US,15695 E Powers Pl,,Centennial,CO,80015,US,2026-08-26T00:00:00.000,GOOD,2026-08-26T00:00:00.000,20268078103,"bbq, dining, sushi"
20268078978,SUSHI WISE,Entity Type,2026-08-26T00:00:00.000,,,,,Mom at Home LLC,4423 E Maplewood Way,,Centennial,CO,80121,US,,,,,,,2026-08-26T00:00:00.000,GOOD,2025-05-06T00:00:00.000,20251526530,sushi
20268081354,Roll Up Ramen,Entity Type,2026-08-26T00:00:00.000,,,,,Holywings llc,301 Main St,,Colorado Springs,CO,80911,US,,,,,,,2026-08-26T00:00:00.000,GOOD,2026-06-25T00:00:00.000,20261786749,ramen
20268081985,Balanced Bakery,Individual,2026-08-26T00:00:00.000,Ayla,,Hudson,,,916 Wilshire Drive,,Berthoud,CO,80513,US,916 Wilshire Drive,,Berthoud,CO,80513,US,2026-08-26T00:00:00.000,,,,bakery
20268083481,Telluride Brewing Co,Entity Type,2026-08-27T00:00:00.000,,,,,"AVERY BREWING COMPANY, LLC",4910 Nautilus Ct N,,Boulder,CO,80301,US,235 Cesar E Chavez Ave SW,,Grand Rapids,MI,49503,US,2026-08-27T00:00:00.000,GOOD,1993-09-08T00:00:00.000,19931094165,brewing
20268084965,Hydrate IV Bar Oxford,Entity Type,2026-08-27T00:00:00.000,,,,,Hydrate Hospitality LLC,753 S University Blvd,,Denver,CO,80209,US,,,,,,,2026-08-27T00:00:00.000,GOOD,2021-11-22T00:00:00.000,20218093231,bar
20268090066,INFINITY RAMEN,Entity Type,2026-08-28T00:00:00.000,,,,,Infinity Ramen Inc.,8025 SHERIDAN BLVD UNIT T,,ARVADA,CO,80003-1926,US,,,,,,,2026-08-28T00:00:00.000,GOOD,2018-03-21T00:00:00.000,20181230816,ramen
20268090109,Castlewood Canyon Brew House,Entity Type,2026-08-28T00:00:00.000,,,,,Castlewood Canyon Brewing LLC,7531 E State Highway 86,,Franktown,CO,80116,US,PO Box 41,,Franktown,CO,80116,US,2026-08-28T00:00:00.000,GOOD,2024-05-28T00:00:00.000,20241587131,brewing
20268093149,Ottino Kitchen Center,Entity Type,2026-08-29T00:00:00.000,,,,,"Integrity Kitchen and Bath, LLC",1442 N Will Rogers Dr.,,Pueblo West,CO,81007,US,,,,,,,2026-08-29T00:00:00.000,GOOD,2025-08-27T00:00:00.000,20251944061,kitchen
20268094726,Tilda's Tacos Y Salsas,GP,2026-08-30T00:00:00.000,Jeremiah,Eugene,Harvey,,,835 eva peak drive,,Erie,CO,80516,US,835 eva peak drive,,Erie,CO,80516,US,2026-08-30T00:00:00.000,,,,taco
20268095842,Catering Calc,Entity Type,2026-08-30T00:00:00.000,,,,,Jack-High Software LLC,4400 S Syracuse St Unit 2301,,Denver,CO,80237,US,,,,,,,2026-08-30T00:00:00.000,GOOD,2026-08-30T00:00:00.000,20268095798,catering
20268096297,JJ Pho House,Individual,2026-08-30T00:00:00.000,Thi Huyen,Huynh,Mai,,,6787 W Jewell Pl,,Lakewood,CO,80227,US,6787 W Jewell Pl,,Lakewood,CO,80227,US,2026-08-30T00:00:00.000,,,,pho
20268096341,F & L Pastry and Bakery,Entity Type,2026-08-30T00:00:00.000,,,,,Fer Y Luz Pastry And Bakery LLC,25 Wolf Liam Ln Unit 103,,Glenwood Springs,CO,81601,US,,,,,,,2026-08-30T00:00:00.000,GOOD,2026-08-30T00:00:00.000,20268096328,bakery
20268096637,House Coffee,Entity Type,2026-08-30T00:00:00.000,,,,,321 CO LLC,9919 Chatswood Trl,,Highlands Ranch,CO,80126,US,,,,,,,2026-08-30T00:00:00.000,GOOD,2025-10-15T00:00:00.000,20258129432,coffee
20268098451,Dulce's Bakery,Individual,2026-08-31T00:00:00.000,Dulce,V,Pildain,,,19190 J Morgan Blvd,Apt 305,Parker,CO,80134,US,,,,,,,2026-08-31T00:00:00.000,,,,bakery
20268098889,Coffee Depot,Entity Type,2026-08-31T00:00:00.000,,,,,Tyre Equity LLC,324 Dillon Ridge Rd,Unit G,Dillon,CO,80435,US,500 Lake Dillon Dr # 326,,Dillon,CO,80435,US,2026-08-31T00:00:00.000,GOOD,2024-01-02T00:00:00.000,20241008190,coffee
20268101501,ORIENTE,Entity Type,2026-08-31T00:00:00.000,,,,,Sunny Eats LLC,431 S Broadway,,Denver,CO,80209,US,,,,,,,2026-08-31T00:00:00.000,GOOD,2026-08-12T00:00:00.000,20268013268,eats
20268087292,Ramblin Renegade,Entity Type,2026-09-01T00:00:00.000,,,,,Pagosa Springs Hat Bar LLC,458 Pagosa St,,Pagosa Springs,CO,81147,US,356 N 4th Street #1615,,Pagosa Springs,CO,81147,US,2026-09-02T00:00:00.000,GOOD,2026-03-15T00:00:00.000,20261312531,bar
20268104379,Riccos Burritos LLC,Entity Type,2026-09-01T00:00:00.000,,,,,Ricco's Burritos LLC,7794 Washington St,,Denver,CO,80229,US,,,,,,,2026-09-01T00:00:00.000,GOOD,2021-05-13T00:00:00.000,20211454414,burrito
20268105844,70 Sweet Years Bakery,Entity Type,2026-09-01T00:00:00.000,,,,,"KM & J, LLC",820 S Monaco Parkway,139,Denver,CO,80224,US,,,,,,,2026-09-01T00:00:00.000,GOOD,2007-03-01T00:00:00.000,20071087992,bakery
20268106077,Yak and Yeti Restaurant & Event Center,Entity Type,2026-09-01T00:00:00.000,,,,,Yak And Yeti Restaurant & Event Center INC,9755 E Hampden Ave,,Denver,CO,80231,US,8545 E 127th Ct,,Brighton,CO,80602,US,2026-09-01T00:00:00.000,GOOD,2014-03-28T00:00:00.000,20141206861,restaurant
20268107275,GUG Kitchen,Entity Type,2026-09-01T00:00:00.000,,,,,Global United Guardians LLC,6025 Ceylon St,4105,Denver,CO,80249-7692,US,,,,,,,2026-09-01T00:00:00.000,GOOD,2026-07-09T00:00:00.000,20261842111,kitchen
20268108190,Candela Sports Bar,Entity Type,2026-09-01T00:00:00.000,,,,,Candela Ent LLC,1750 W Mississippi Ave,,Denver,CO,80223,US,PO Box 192,,Brighton,CO,80601,US,2026-09-01T00:00:00.000,GOOD,2026-08-24T00:00:00.000,20268062120,bar
20268111498,Bear Cub Bakery,Individual,2026-09-02T00:00:00.000,Morgan,Danielle,Whitehurst,,,2201 Idella Ct,,Grand Junction,CO,81505,US,2201 Idella Ct,,Grand Junction,CO,81505,US,2026-09-02T00:00:00.000,,,,bakery
20268112538,Pure Nail Bar,Entity Type,2026-09-02T00:00:00.000,,,,,MUNGUT TOLGOI LLC,3712 Navajo St,,Denver,CO,80211,US,,,,,,,2026-09-02T00:00:00.000,GOOD,2026-09-01T00:00:00.000,20268110992,bar
20268112833,Silla Restaurant,Entity Type,2026-09-02T00:00:00.000,,,,,MINFOOD LLC,5405 Bauer Dr,,Frederick,CO,80504,US,,,,,,,2026-09-02T00:00:00.000,GOOD,2026-08-21T00:00:00.000,20268039822,restaurant
20268113469,fresh creative cuisine,Individual,2026-09-02T00:00:00.000,christain,,bueno,,,5106 n leonard dr apt 1 a,,noridge,IL,60706,US,6301 seaforth st,,baltimore,MD,21224,US,2026-09-02T00:00:00.000,,,,cuisine
20268114156,saje cafe llc,Entity Type,2026-09-02T00:00:00.000,,,,,A&J Coffee Shop LLC,141 W 4th St,,Loveland,CO,80537,US,2718 Chesapeake Bay,,Evans,CO,80620,US,2026-09-02T00:00:00.000,GOOD,2026-01-08T00:00:00.000,20261032200,"cafe, coffee"
20268115164,Sweetheart Coffee Company,GP,2026-09-02T00:00:00.000,,,,,Sweetheart Coffee Company,156 W 2nd St,,Loveland,CO,80537-5517,US,156 W 2nd St,,Loveland,CO,80537-5517,US,2026-09-02T00:00:00.000,,,,coffee
20268115218,Marco's Pizza #6031,Entity Type,2026-09-02T00:00:00.000,,,,,Tana EM Legacy LLC,10102 Amston St,,Parker,CO,80134,US,8989 Victoria Ln,,Parker,CO,80134,US,2026-09-02T00:00:00.000,GOOD,2026-08-25T00:00:00.000,20268072167,pizza
20268115233,Marco's Pizza #6051,Entity Type,2026-09-02T00:00:00.000,,,,,DeAaron TM Legacy LLC,10102 Amston St,,Parker,CO,80134,US,8989 Victoria Ln,,Parker,CO,80134,US,2026-09-02T00:00:00.000,GOOD,2026-08-25T00:00:00.000,20268072805,pizza
20268115238,Marco's Pizza #6053,Entity Type,2026-09-02T00:00:00.000,,,,,Dan AM Legacy LLC,10102 Amston St,,Parker,CO,80134,US,8989 Victoria Ln,,Parker,CO,80134,US,2026-09-02T00:00:00.000,GOOD,2026-08-25T00:00:00.000,20268072961,pizza
20268115254,Marco's Pizza #6014,Entity Type,2026-09-02T00:00:00.000,,,,,Dar Investments Limited,10102 Amston St,,Parker,CO,80134,US,8989 Victoria Ln,,Parker,CO,80134,US,2026-09-02T00:00:00.000,GOOD,2023-09-17T00:00:00.000,20231957719,pizza
20268115266,Marco's Pizza #6022,Entity Type,2026-09-02T00:00:00.000,,,,,Dar Investments Limited,10102 Amston St,,Parker,CO,80134,US,8989 Victoria Ln,,Parker,CO,80134,US,2026-09-02T00:00:00.000,GOOD,2023-09-17T00:00:00.000,20231957719,pizza
20268117819,Bad Ass Coffee of Hawaii,Entity Type,2026-09-03T00:00:00.000,,,,,Peaks to Waves Ballpark LLC,1735 Chestnut Place,,Denver,CO,80202,US,,,,,,,2026-09-03T00:00:00.000,GOOD,2026-09-03T00:00:00.000,20268117795,coffee
20268119309,Wesley Owens Coffee,Entity Type,2026-09-03T00:00:00.000,,,,,"Enttra, LLC",1744 Lake Woodmoor Dr,,Monument,CO,80132,US,,,,,,,2026-09-03T00:00:00.000,GOOD,2026-03-14T00:00:00.000,20261312162,coffee
20268121080,Looks Lounge,Entity Type,2026-09-04T00:00:00.000,,,,,Amallah Beauty and Beyond LLC,15220 E Iliff Ave Ste G,Rear Suite,Aurora,CO,80014,US,13339 E Idaho Pl,,Aurora,CO,80012,US,2026-09-04T00:00:00.000,GOOD,2021-02-27T00:00:00.000,20211206407,lounge
20268121545,Rocky Fin Poke Bar,Entity Type,2026-09-04T00:00:00.000,,,,,XJ Poke Bowl Inc,1245 E Colfax Ave Ste 103,,Denver,CO,80218,US,,,,,,,2026-09-04T00:00:00.000,GOOD,2026-08-31T00:00:00.000,20268098249,bar
20268122161,Fusion By Tino's Kitchen,Entity Type,2026-09-04T00:00:00.000,,,,,Fusion By Tino's Kitchen LLC,11800 Oswego st,,Englewood,CO,80112,US,442 Valley Way,,Bennett,CO,80102,US,2026-09-04T00:00:00.000,GOOD,2025-11-21T00:00:00.000,20258260968,kitchen
20268122947,Sweet & Kneaded Home Bakery,Individual,2026-09-04T00:00:00.000,Sarah,Marie,Lester,,,6445 Bastogne Dr,Apt B,Colorado Springs,CO,80902,US,6445 Bastogne Dr,Apt B,Colorado Springs,CO,80902,US,2026-09-04T00:00:00.000,,,,bakery
20268123687,Apres,Entity Type,2026-09-05T00:00:00.000,,,,,"Apres Dessert Bar, LLC",536 Oak Dr,,Durango,CO,81301,US,,,,,,,2026-09-05T00:00:00.000,GOOD,2026-09-05T00:00:00.000,20268123664,bar
20268124004,The Local Reserve Tavern INC,GP,2026-09-05T00:00:00.000,,,,,The Local Reserve Tavern Inc,16254 E 101st Ave,,Commerce City,CO,80022,US,,,,,,,2026-09-05T00:00:00.000,,,,tavern
20268124113,TACOS GIL LAS 7 LUMINARIAS LLC,Entity Type,2026-09-05T00:00:00.000,,,,,TACOS GIL LAS 7 LUMINARIAS LLC,718 36th Ave,,Greeley,CO,80634,US,,,,,,,2026-09-05T00:00:00.000,GOOD,2026-09-05T00:00:00.000,20268123830,taco
20268124358,Z Little Bakery,Individual,2026-09-06T00:00:00.000,Patrizia,Maria Angela,Marziali,,,2384 Hickory Place,,Erie,CO,80516,US,2384 Hickory Place,,Erie,CO,80516,US,2026-09-06T00:00:00.000,,,,bakery
20268124460,burn. Candle Bar,Entity Type,2026-09-06T00:00:00.000,,,,,"MLD, LLC, Dissolved September 15, 2026",1021 Campfire Dr,,Fort Collins,CO,80524,US,1021 Campfire Drive,,Fort Collins,CO,80524,US,2026-09-06T00:00:00.000,VDISS,2026-09-02T00:00:00.000,20268114281,bar
20268125597,Taco Time,Entity Type,2026-09-07T00:00:00.000,,,,,MIBI6125 LLC,9467 Coogans Bluff Rd,,Austin,CO,81410,US,,,,,,,2026-09-07T00:00:00.000,GOOD,2026-09-07T00:00:00.000,20268125589,taco
20268125945,Wyld Rize Gluten Free Bakery,Entity Type,2026-09-07T00:00:00.000,,,,,Vital Nourishment LLC,2761 S Pearl St,,Englewood,CO,80113,US,,,,,,,2026-09-07T00:00:00.000,GOOD,2026-08-05T00:00:00.000,20261963020,bakery
20268129104,DAMASCUS GRILL,Entity Type,2026-09-08T00:00:00.000,,,,,ALSHAM LLC,3499 S Logan St,,Englewood,CO,80113,US,,,,,,,2026-09-08T00:00:00.000,GOOD,2024-08-07T00:00:00.000,20241837870,grill
20268129588,Buss'n Bread and Bagels,Individual,2026-09-08T00:00:00.000,Angela,,Bussanich,,,9659 Autumnwood Pl,,Highlands Ranch,CO,80129,US,7347 Grant Ranch Blvd,#725,LITTLETON,CO,80123,US,2026-09-08T00:00:00.000,,,,bagel
20268129960,Tesserae Coffee,Entity Type,2026-09-08T00:00:00.000,,,,,"Poiema Creative Co., LLC",20375 Fountain Abbey Ct,,Monument,CO,80132,US,,,,,,,2026-09-08T00:00:00.000,GOOD,2026-09-08T00:00:00.000,20268129913,coffee
20268131558,BOBA & BITES LLC,Individual,2026-09-09T00:00:00.000,Danielle,,Trikul,,,629 SPRING VALLEY DR,,DIVIDE,CO,80814,US,629 SPRING VALLEY DR,,DIVIDE,CO,80814,US,2026-09-09T00:00:00.000,,,,boba
20268132173,Sweet Heart Winery & Event Center,Entity Type,2026-09-09T00:00:00.000,,,,,"SWEET HEART BRANDS, LLC",1245 Court Street,,Clearwater,FL,33756,US,,,,,,,2026-09-09T00:00:00.000,GOOD,2023-12-14T00:00:00.000,20238295491,winery
20268132493,Reimagined Coffee Company,Individual,2026-09-09T00:00:00.000,Kenneth,,Jones,,,2125 Stillwater Creek Drive,,Fort Collins,CO,80528,US,2125 Stillwater Creek Drive,CHILL,Fort Collins,CO,80528,US,2026-09-09T00:00:00.000,,,,coffee
20268132964,Hei Wok Kitchen,Entity Type,2026-09-09T00:00:00.000,,,,,Lung Concept 88 LLC,1643 Boulder St,Suit C-100A & C-100B,Denver,CO,80211,US,,,,,,,2026-09-09T00:00:00.000,GOOD,2026-09-09T00:00:00.000,20268132951,kitchen
20268133358,Torres Restaurant,Entity Type,2026-09-09T00:00:00.000,,,,,"TYN Denver, Inc.",195 Federal Blvd,,Denver,CO,80219,US,470 S Garrison St,,Lakewood,CO,80226,US,2026-09-09T00:00:00.000,GOOD,2026-08-19T00:00:00.000,20268032511,restaurant
20268133583,Nourish Lagree Pilates Yoga,Entity Type,2026-09-09T00:00:00.000,,,,,Drip Lounge LLC,140 Boardwalk Dr Unit A,,Fort Collins,CO,80525,US,,,,,,,2026-09-09T00:00:00.000,GOOD,2022-04-02T00:00:00.000,20221349167,lounge
20268133918,CANNAN CORP,Entity Type,2026-09-09T00:00:00.000,,,,,Julio Bakery Corp,1050 S WADSWORTH BLVD,,LAKEWOOD,CO,80226,US,,,,,,,2026-09-09T00:00:00.000,GOOD,2026-06-30T00:00:00.000,20261806286,bakery
20268136270,Hermosa Cafe,Entity Type,2026-09-10T00:00:00.000,,,,,Tavern 157 LLC,2827 County Road 250,,Durango,CO,81301,US,,,,,,,2026-09-10T00:00:00.000,GOOD,2026-03-09T00:00:00.000,20261295516,"cafe, tavern"
20268136439,Ayara Thai Restaurant,Entity Type,2026-09-10T00:00:00.000,,,,,GGB FAMILY LLC,225 E 20th Ave,,Denver,CO,80205,US,16687 W 92nd Pl,,Arvada,CO,80007,US,2026-09-10T00:00:00.000,GOOD,2026-08-10T00:00:00.000,20268001809,restaurant
20268136540,Osteria Fassona,Entity Type,2026-09-10T00:00:00.000,,,,,"Full Circle, Inc.",700 Yampa St Unit A103,,Steamboat Springs,CO,80487,US,,,,,,,2026-09-10T00:00:00.000,GOOD,2024-07-12T00:00:00.000,20241738574,osteria
20268140900,Colorado Solo Small Firm Collective,Entity Type,2026-09-11T00:00:00.000,,,,,Colorado Solo Small Firm Bar Association,9249 S Broadway #200-179,,Highlands Ranch,CO,80129,US,,,,,,,2026-09-11T00:00:00.000,GOOD,2024-08-02T00:00:00.000,20241825231,bar
20268141779,Kiwi Riverside Delights,Entity Type,2026-09-12T00:00:00.000,,,,,Riverside Crepes LLC,137 Main St Unit C-103W,,Edwards,CO,81632,US,PO Box 7222,,Avon,CO,81620,US,2026-09-12T00:00:00.000,GOOD,2026-04-23T00:00:00.000,20261492614,crepe
20268141994,BrewTyme,Entity Type,2026-09-12T00:00:00.000,,,,,Choice City Canteen LLC,1500 N Grant St,Ste N,Denver,CO,80203,US,1500 N Grant St,Ste N,Denver,CO,80203,US,2026-09-12T00:00:00.000,GOOD,2026-08-15T00:00:00.000,20268021919,canteen
20268143181,Elysium Tavern,Individual,2026-09-13T00:00:00.000,Alyssa,,Greilich,,,10555 West Jewell Ave,4-104,Lakewood,CO,80232,US,,,,,,,2026-09-13T00:00:00.000,,,,tavern
20268143506,ASTRA FOODS,Individual,2026-09-13T00:00:00.000,david,dewayne,washington,Jr.,,6430 market st,,upper darby,PA,19082,US,969 pine birch pl,,southaven,MS,38671,US,2026-09-13T00:00:00.000,,,,foods
20268144274,Ready Set Grill,Individual,2026-09-14T00:00:00.000,Aiden,,Kranz,,,1104 Eqinox Dr,,Colorado Springs,CO,80921,US,1104 Equinox Dr,,Colorado Springs,CO,80921-6601,US,2026-09-14T00:00:00.000,,,,grill
20268144939,Mazaj Hookah Lounge,Entity Type,2026-09-14T00:00:00.000,,,,,Mazaj and Qahwa LLC,18607 E Layton Pl,,Aurora,CO,80015,US,,,,,,,2026-09-14T00:00:00.000,GOOD,2026-09-14T00:00:00.000,20268144773,lounge
20268146049,Lil Beans Corner Cafe,Entity Type,2026-09-14T00:00:00.000,,,,,Stew Man Brew LLC,2401 W 32nd Ave,,Denver,CO,80211,US,265 N Sherman St,,Denver,CO,80203,US,2026-09-14T00:00:00.000,GOOD,2026-05-04T00:00:00.000,20261544878,cafe
20268147376,Robin's Kitchen Care,Entity Type,2026-09-15T00:00:00.000,,,,,The Vertical Body LLC,4089 Stoneham Dr,,Loveland,CO,80538,US,,,,,,,2026-09-15T00:00:00.000,GOOD,2023-07-05T00:00:00.000,20231707779,kitchen
20268147392,Papas Sweets & Moodys Eats,Entity Type,2026-09-15T00:00:00.000,,,,,Papas Sweets & Moodys Eats LLC,25127 E Ellsworth Pl,,Aurora,CO,80018,US,,,,,,,2026-09-15T00:00:00.000,GOOD,2026-09-13T00:00:00.000,20268143635,eats
20268147729,Robin's Kitchen Reset,Entity Type,2026-09-15T00:00:00.000,,,,,The Vertical Body LLC,4089 Stoneham Dr,,Loveland,CO,80538,US,,,,,,,2026-09-15T00:00:00.000,GOOD,2023-07-05T00:00:00.000,20231707779,kitchen
20268148489,North Fork Foods,Individual,2026-09-15T00:00:00.000,Derek,J,Udy,,,452 Elm Ave.,,crawford,CO,81415,US,po box 384,,Crawford,CO,81415,US,2026-09-15T00:00:00.000,,,,foods
20268148625,burn. Candle Bar,Entity Type,2026-09-15T00:00:00.000,,,,,"MLSCD, LLC",1 Old Town Sq Ste 104,,Fort Collins,CO,80524,US,,,,,,,2026-09-15T00:00:00.000,GOOD,2026-09-15T00:00:00.000,20268148581,bar
20268149080,MDE Nightclub,Entity Type,2026-09-15T00:00:00.000,,,,,MDE LOUNGE LLC,30 S Broadway,,Denver,CO,80209,US,1948 W 14th Ave,,Denver,CO,80204,US,2026-09-15T00:00:00.000,GOOD,2023-11-02T00:00:00.000,20238168308,lounge
20268149341,FLOR DE AGAVE MEXICAN KITCHEN AND BAR,Entity Type,2026-09-15T00:00:00.000,,,,,RGO LLC,11990 E South Boulder Rd Lot 144,,Lafayette,CO,80026,US,,,,,,,2026-09-15T00:00:00.000,GOOD,2026-09-15T00:00:00.000,20268149297,"bar, kitchen"
20268149591,Taco Zone 2,Individual,2026-09-15T00:00:00.000,Allende,,Francisco,,,3990 S US HWY 85-87,#18,Colorado Springs,CO,80911,US,3990 S US HWY 85-87,#18,Colorado Springs,CO,80911,US,2026-09-15T00:00:00.000,,,,taco
20268149735,Homa Cafe+Bar,Entity Type,2026-09-15T00:00:00.000,,,,,Kinship Landing Ltd.,415 S Nevada Ave,,Colorado Springs,CO,80903,US,415 S Nevada Ave,,Colorado Springs,CO,80903,US,2026-09-15T00:00:00.000,GOOD,2017-06-29T00:00:00.000,20171503040,"bar, cafe"
20268149749,Rifle Coffee Stop LLC,Entity Type,2026-09-15T00:00:00.000,,,,,Rifle Coffee Stop LLC,121 E 3rd St,,Rifle,CO,81650,US,PO Box 4364,,Basalt,CO,81621,US,2026-09-15T00:00:00.000,GOOD,2026-09-09T00:00:00.000,20268133657,coffee
20268151306,Beaujos Colorado Springs,Entity Type,2026-09-16T00:00:00.000,,,,,Blessed pizza LLC,2130 Southgate Rd Ste 108,,Colorado springs,CO,80487,US,,,,,,,2026-09-16T00:00:00.000,GOOD,2026-08-23T00:00:00.000,20268048261,pizza
20268152204,Brick House Bakery,Entity Type,2026-09-16T00:00:00.000,,,,,Gracie Bassie LLC,944 Ivanhoe St,,Denver,CO,80220,US,,,,,,,2026-09-16T00:00:00.000,GOOD,2018-03-12T00:00:00.000,20181211522,bakery
20268152731,Pastore's Italian Foods,Entity Type,2026-09-16T00:00:00.000,,,,,Pastore's Italian Foods Inc,536 Cherokee Street,,Denver,CO,80204,US,,,,,,,2026-09-16T00:00:00.000,GOOD,2012-01-01T00:00:00.000,20111696275,foods
20268153492,CAMP'S SUSHI LLC,Individual,2026-09-16T00:00:00.000,YVES,,CAMPOS,,,6925 MESA RIDGE PKWY,,FOUNTAIN,CO,80925,US,10988 CLARION DRIVE,,COLORADO SPRINGS,CO,80925,US,2026-09-16T00:00:00.000,,,,sushi
20268154447,FuzzFood,Entity Type,2026-09-17T00:00:00.000,,,,,Fuzz Food LLC,6050 Stetson Hills Blvd PMB 431,,Colorado Springs,CO,80923,US,,,,,,,2026-09-17T00:00:00.000,GOOD,2026-07-27T00:00:00.000,20261916116,food
20268157859,Rocking Bar Q,Entity Type,2026-09-18T00:00:00.000,,,,,"Double R Adventures, LLC",3225 McLeod Drive,Suite 100,Las Vegas,NV,89121,US,,,,,,,2026-09-18T00:00:00.000,GOOD,2026-04-22T00:00:00.000,20261477570,bar
20268158945,Elementa Functional Nutrition,Entity Type,2026-09-18T00:00:00.000,,,,,The Good Juice Company Ltd.,4920 Pearl St,,Boulder,CO,80301,US,3625 Cholla Ct,,Boulder,CO,80304,US,2026-09-18T00:00:00.000,GOOD,2024-08-25T00:00:00.000,20241896573,juice
20268159723,Lento Foods,Entity Type,2026-09-18T00:00:00.000,,,,,"Lento Foods, LLC",6355 W 47th Ave,,Wheat Ridge,CO,80033,US,,,,,,,2026-09-18T00:00:00.000,GOOD,2026-02-01T00:00:00.000,20261138266,foods
20268161374,El Taco y la Pupusa,Individual,2026-09-20T00:00:00.000,Rebeca,,Hernandez,,,1869 S Winona Ct,,Denver,CO,80219,US,,,,,,,2026-09-20T00:00:00.000,,,,taco
20268161480,Hearth and Hound Coffee Co,Entity Type,2026-09-20T00:00:00.000,,,,,"Rubber Pax, LLC",2079 State Highway 135,,Gunnison,CO,81230,US,,,,,,,2026-09-20T00:00:00.000,GOOD,2025-06-30T00:00:00.000,20251731816,coffee
20268161498,Denver International Beer Competition,GP,2026-09-20T00:00:00.000,,,,,Denver International Beer Competition,630 Utica Street,,Denver,CO,80204,US,630 Utica Street,,Denver,CO,80204,US,2026-09-20T00:00:00.000,,,,beer
20268162388,Lost and Ground Coffeehouse,Entity Type,2026-09-21T00:00:00.000,,,,,Passage Coffee Co. Ltd.,7360 Serena Drive,,Castle Pines,CO,80108,US,,,,,,,2026-09-21T00:00:00.000,GOOD,2018-10-22T00:00:00.000,20181823816,coffee
20268163264,Sushi Torakku,Individual,2026-09-21T00:00:00.000,Cody,Lee,Cramer-Foster,,,3028 Hager Ln,,Glenwood Springs,CO,81601,US,3028 Hager Ln,,Glenwood Springs,CO,81601,US,2026-09-21T00:00:00.000,,,,sushi
20268163997,Los Fucking Burritos,Entity Type,2026-09-21T00:00:00.000,,,,,"Los Fucking Elotes, LLC",2800 11th Ave,,Evans,CO,80620,US,1120 34th Ave,,Greeley,CO,80634,US,2026-09-21T00:00:00.000,GOOD,2025-07-22T00:00:00.000,20251790389,burrito
20268164617,BGT Big Girl Treats Brown Gringo  Brown Gringo Taco,Entity Type,2026-09-21T00:00:00.000,,,,,Brown Gringo Tacos LLC,6913 Teller Ct,,Arvada,CO,80003,US,,,,,,,2026-09-21T00:00:00.000,GOOD,2023-05-01T00:00:00.000,20231481018,taco
20268165250,Centennial Wine & Spirits,Entity Type,2026-09-21T00:00:00.000,,,,,"E3 & HELEN I, LLC",2123 S OAKLAND ST,,AURORA,CO,80014,US,,,,,,,2026-09-21T00:00:00.000,GOOD,2026-05-07T00:00:00.000,20261553315,spirits
20268167465,Serafinis Pizzeria,Individual,2026-09-22T00:00:00.000,Frank,,Serafini,,,2414 E Bridge St,,Brighton,CO,80601,US,2414 E Bridge St,,Brighton,CO,80601,US,2026-09-22T00:00:00.000,,,,pizzeria
20268167831,Noble Steakhouse,Entity Type,2026-09-22T00:00:00.000,,,,,Noble Steakhouse LLC,2015 Market St,,Denver,CO,80205,US,,,,,,,2026-09-22T00:00:00.000,GOOD,2025-10-31T00:00:00.000,20258200596,steakhouse
20268168120,Amadio's Pizzeria,Entity Type,2026-09-22T00:00:00.000,,,,,BUB LLC,4835 Decatur St,,Denver,CO,80221,US,,,,,,,2026-09-22T00:00:00.000,GOOD,2026-03-26T00:00:00.000,20261381465,pizzeria
20268168701,Kissel's Bath and Kitchen,Entity Type,2026-09-22T00:00:00.000,,,,,Kissel EuroTech General Construction Ltd.,9100 E Florida Ave #8304,,Denver,CO,80247,US,,,,,,,2026-09-22T00:00:00.000,GOOD,2017-07-22T00:00:00.000,20171546986,kitchen
20268169446,The Monk's Denver & Early Bird Eatery,Entity Type,2026-09-22T00:00:00.000,,,,,A2Z Capital LLC,10111 Inverness Main St Ste B,,Englewood,CO,80112,US,13479 E 102nd Pl,,Commerce City,CO,80022,US,2026-09-22T00:00:00.000,GOOD,2023-08-22T00:00:00.000,20231860035,eatery
20268178300,Vida Eat To Live,Entity Type,2026-09-23T00:00:00.000,,,,,VIDA FRESH KITCHEN LLC,115 N Main St,,Creede,CO,81130,US,,,,,,,2026-09-23T00:00:00.000,GOOD,2026-05-05T00:00:00.000,20261549324,kitchen
20268180339,PairMe,Entity Type,2026-09-23T00:00:00.000,,,,,Find Better Food Inc.,6225 Devinney Cir,,Arvada,CO,80004,US,,,,,,,2026-09-23T00:00:00.000,GOOD,2014-12-26T00:00:00.000,20141784103,food
20268182849,Cantina,Entity Type,2026-09-23T00:00:00.000,,,,,SPEARBIT LABS INC.,1065 SW 8th St,,Miami,FL,33130,US,56 Broad St STE 14030,,Boston,MA,02109,US,2026-09-23T00:00:00.000,GOOD,2025-09-26T00:00:00.000,20258069384,cantina
20268182854,Aspen Park Wine & Spirits,Entity Type,2026-09-23T00:00:00.000,,,,,ASPEN LIQUOR LLC,4652 S Kipling Cir,,Littleton,CO,80123,US,,,,,,,2026-09-23T00:00:00.000,GOOD,2026-09-23T00:00:00.000,20268182794,spirits
20268182930,Smokin' Aces,Entity Type,2026-09-23T00:00:00.000,,,,,EW Lounge LLC,9559 Nile Way,,Arvada,CO,80007,US,,,,,,,2026-09-23T00:00:00.000,GOOD,2026-06-23T00:00:00.000,20261756876,lounge
20268184519,Creekside Cellars Winery & Restaurant,Entity Type,2026-09-23T00:00:00.000,,,,,Jaclynn's Garden Winery LLC,7646 Heartsease Way,,Evergreen,CO,80439,US,,,,,,,2026-09-23T00:00:00.000,GOOD,2025-11-25T00:00:00.000,20258289093,"restaurant, winery"
20268184531,Ravens Wings,Individual,2026-09-23T00:00:00.000,Richard,F,Aragon,,,508 B St,,delta,CO,81416,US,508 B St,,Delta,CO,81416,US,2026-09-23T00:00:00.000,,,,wings
20268185454,303 Grills,Entity Type,2026-09-23T00:00:00.000,,,,,Nile Roots Foods LLC,10070 E Carolina Dr Apt 203,,Aurora,CO,80247,US,,,,,,,2026-09-23T00:00:00.000,GOOD,2026-09-23T00:00:00.000,20268185394,"foods, grill"
20268192508,PALLADIUM BALLROOM,Entity Type,2026-09-24T00:00:00.000,,,,,"Yak & Yeti Restaurant and Lounge, Inc.",8971 Yates St,,Westminster,CO,80031,US,8545 E 127th Ct,,Brighton,CO,80602,US,2026-09-24T00:00:00.000,GOOD,2023-10-13T00:00:00.000,20238085182,"lounge, restaurant"
20268192936,Japon,Entity Type,2026-09-24T00:00:00.000,,,,,Chens Gourmet Kitchen LLC,13530 Roller Coaster Rd Ste 120,,Colorado Springs,CO,80921,US,,,,,,,2026-09-24T00:00:00.000,GOOD,2025-10-20T00:00:00.000,20258139113,kitchen
20268193837,The Patio,Entity Type,2026-09-24T00:00:00.000,,,,,F. A. Whining Pig Bars 10 L.L.C.,138 E Colorado Ave Unit 105,,Telluride,CO,81435,US,3632 W Pecos Rd,,Chandler,AZ,85226,US,2026-09-24T00:00:00.000,CONV,2026-06-18T00:00:00.000,20261735273,bar
20268194746,Spirits,Entity Type,2026-09-24T00:00:00.000,,,,,Eden Social LLC,1416 Market St,,Denver,CO,80202,US,5680 Greenwood Plaza Blvd Ste 110,,Greenwood Village,CO,80111,US,2026-09-24T00:00:00.000,GOOD,2022-04-05T00:00:00.000,20221357953,spirits
20268196313,El Chingon Mexican Bistro,Entity Type,2026-09-24T00:00:00.000,,,,,Glorlor Holdings LLC,6590 Meade Ct,,Arvada,CO,80003,US,,,,,,,2026-09-24T00:00:00.000,GOOD,2026-09-24T00:00:00.000,20268195561,bistro
20268198433,CAFFELA BAKERY LLC,Individual,2026-09-24T00:00:00.000,LAURA,CAMILA,GUERRERO DIAZ,,,3500 WALDEN ST,,AURORA,CO,80011,US,3500 WALDEN ST,,AURORA,CO,80011,US,2026-09-24T00:00:00.000,,,,bakery
20268198565,SafeGuard Food Safety & Quality Consulting LLC,Entity Type,2026-09-24T00:00:00.000,,,,,"EH Food Safety & Quality Consulting LLC, Dissolved September 25, 2026",2051 Ashleigh Ct,,Highlands Ranch,CO,80126,US,2051 Ashleigh CT,,Highlands Ranch,CO,80126,US,2026-09-24T00:00:00.000,VDISS,2026-09-24T00:00:00.000,20268198060,food
20268200253,Borriello brothers NY pizza,Entity Type,2026-09-25T00:00:00.000,,,,,Outlaw's pizza LLC,215 E Platte Ave,,Colorado Springs,CO,80903,US,,,,,,,2026-09-25T00:00:00.000,GOOD,2026-09-08T00:00:00.000,20268128593,pizza
20268200961,"Tacos El Huequito,LLC",Entity Type,2026-09-25T00:00:00.000,,,,,"Tacos El Huequito LLC, Dissolved August 1, 2023",2111 E. 48th Ave.,,Denver,CO,80216,US,,,,,,,2026-09-25T00:00:00.000,VDISS,2015-04-09T00:00:00.000,20151247805,taco
20268201955,FORBIDDEN FOREST COFFEE BAR,Entity Type,2026-09-25T00:00:00.000,,,,,ATTIC TO ART DESIGNS COLORADO LLC,123 A St,,Ault,CO,80610,US,,,,,,,2026-09-25T00:00:00.000,GOOD,2023-05-15T00:00:00.000,20231520854,"bar, coffee"
20268202343,Dozo Sushi,Entity Type,2026-09-25T00:00:00.000,,,,,Choice Capital III LLC,1606 S 8th St,,Colorado Springs,CO,80905,US,,,,,,,2026-09-25T00:00:00.000,GOOD,2026-09-24T00:00:00.000,20268195776,sushi
20268202866,TACO VELOZ INC,Entity Type,2026-09-25T00:00:00.000,,,,,TACO VELOZ INC,7169 Federal Blvd,,Westminster,CO,80030,US,,,,,,,2026-09-25T00:00:00.000,GOOD,2018-03-20T00:00:00.000,20181227361,taco
20268203194,Hashtag 04,Entity Type,2026-09-25T00:00:00.000,,,,,TAG Restaurant Group LLC,3457 Ringsby Ct Unit 202,,Denver,CO,80216,US,3457 Ringsby Ct Unit 202,,Denver,CO,80216,US,2026-09-25T00:00:00.000,GOOD,2018-06-13T00:00:00.000,20181471641,restaurant
20268203346,G&G Surf Club,Entity Type,2026-09-25T00:00:00.000,,,,,TAG Restaurant Group LLC,3457 Ringsby Ct Unit 202,,Denver,CO,80216,US,3457 Ringsby Ct Unit 202,,Denver,CO,80216,US,2026-09-25T00:00:00.000,GOOD,2018-06-13T00:00:00.000,20181471641,restaurant
20268204698,Flourish Kitchen Academy,Entity Type,2026-09-25T00:00:00.000,,,,,"Flourish Kitchen, LLC",10021 Andrush Ct,,Lone Tree,CO,80124,US,,,,,,,2026-09-25T00:00:00.000,GOOD,2022-02-08T00:00:00.000,20221143376,kitchen
20268208133,PHO 92,Entity Type,2026-09-27T00:00:00.000,,,,,MY NOODLE SOUP PHO 92 INC,12652 W Ken Caryl Ave Unit C,,Littleton,CO,80127,US,,,,,,,2026-09-27T00:00:00.000,GOOD,2026-09-17T00:00:00.000,20268154154,"noodle, pho"
20268210182,Calico Kitchens,Entity Type,2026-09-28T00:00:00.000,,,,,Elevations Group LLC,1500 N Grant St,Ste R,Denver,CO,80203,US,1500 N Grant St,Ste R,Denver,CO,80203,US,2026-09-28T00:00:00.000,GOOD,2026-04-18T00:00:00.000,20261465225,kitchen
20268210825,Wild Sage Bakery,Individual,2026-09-28T00:00:00.000,Macy,Lea,Ranger,,,2560 Cambridge Dr,,Longmont,CO,80503,US,2560 Cambridge Dr,,Longmont,CO,80503,US,2026-09-28T00:00:00.000,,,,bakery
20268211245,Paris crepe,Entity Type,2026-09-28T00:00:00.000,,,,,Paris crepe 1027 llc,1027 S Tejon St,,Colorado Springs,CO,80903,US,,,,,,,2026-09-28T00:00:00.000,DQ,2025-04-24T00:00:00.000,20251474582,crepe
20268214634,Amity's Coffee House,Entity Type,2026-09-28T00:00:00.000,,,,,Angel Works LLC,38281 Saddle Mountain Ln,,Crawford,CO,81415,US,,,,,,,2026-09-28T00:00:00.000,GOOD,2018-09-27T00:00:00.000,20181769359,coffee
20268214726,Java Lava Cafe,Entity Type,2026-09-28T00:00:00.000,,,,,"GRAND CAPITAL, LLC",2930 E 160th Pl,,Thornton,CO,80602,US,,,,,,,2026-09-28T00:00:00.000,GOOD,2026-09-28T00:00:00.000,20268214702,cafe
20268214773,Three Barrel Brewing,Entity Type,2026-09-28T00:00:00.000,,,,,What a Rush Co.,22 S Chamisa Dr,,Santa Fe,NM,87508,US,,,,,,,2026-09-28T00:00:00.000,GOOD,2026-09-10T00:00:00.000,20268137338,brewing
20268218084,The Hungry Buffalo,Entity Type,2026-09-29T00:00:00.000,,,,,Wings on Wheels,1216 N Platteville Blvd,,Pueblo,CO,81007,US,,,,,,,2026-09-29T00:00:00.000,GOOD,2022-01-19T00:00:00.000,20221055082,wings
20268218712,Alejos Colombian Food,Entity Type,2026-09-29T00:00:00.000,,,,,Alejo's Burgers LLC,14493 E Carolina Dr,,Aurora,CO,80012,US,,,,,,,2026-09-29T00:00:00.000,GOOD,2022-07-01T00:00:00.000,20221654480,"burger, food"
20268219785,Din Dumpling,Entity Type,2026-09-29T00:00:00.000,,,,,SW Asian Bistro LLC,1350 16th St,,Denver,CO,80202,US,,,,,,,2026-09-29T00:00:00.000,GOOD,2026-09-29T00:00:00.000,20268219754,bistro
20268222425,Waynos Inc,Entity Type,2026-09-30T00:00:00.000,,,,,Waynos Food Truck Inc,12985 US Highway 24,,Buena Vista,CO,81211,US,9996 W US Highway 50,Unit 1030,Salida,CO,81201,US,2026-09-30T00:00:00.000,GOOD,2026-09-25T00:00:00.000,20268201987,food truck
20268225914,The Hair Vault Beauty Supply,Entity Type,2026-09-30T00:00:00.000,,,,,The Artistry Lounge LLC,2476 Vanhoutte Vw,,Colorado Springs,CO,80915,US,,,,,,,2026-09-30T00:00:00.000,GOOD,2026-03-25T00:00:00.000,20261375884,lounge
20268223510,Dazbog Coffee at Cheesman,Entity Type,2026-09-30T00:00:00.000,,,,,Shte Byeol LLC,7010 E Colfax Ave,,Denver,CO,80220,US,,,,,,,2026-10-01T00:00:00.000,GOOD,2026-08-03T00:00:00.000,20261953997,coffee
20268228896,Sammi's Caffeine and Cream Cafe,Entity Type,2026-10-01T00:00:00.000,,,,,"Starkey Productions, Inc.",4100 W 38th Ave Ste 201,,Denver,CO,80212,US,,,,,,,2026-10-01T00:00:00.000,GOOD,2000-11-08T00:00:00.000,20001218870,cafe
20268229055,Coffee Cup Cottage,Individual,2026-10-01T00:00:00.000,Heather,M,Mills,,,7256 S Broadway,,Centennial,CO,80122,US,"6767 S Vine St, #1311",,Centennial,CO,80122,US,2026-10-01T00:00:00.000,,,,coffee
20268229502,Food With Love,Entity Type,2026-10-01T00:00:00.000,,,,,Food With Love LLC,7822 Oberon Rd Apt C,,Arvada,CO,80004,US,,,,,,,2026-10-01T00:00:00.000,GOOD,2026-10-01T00:00:00.000,20268229270,food
20268232724,Lucy's Ethiopian Restaurant,Entity Type,2026-10-01T00:00:00.000,,,,,Lucy's Ethiopian Restaurant,7401 E Colfax Ave,,Denver,CO,80220,US,,,,,,,2026-10-01T00:00:00.000,GOOD,2020-06-25T00:00:00.000,20201556395,restaurant
